Workbook

Sheet Utilisateurs
B2: FLEAP | C2: Wienerberger - Utilisateurs
B4: Utilisateurs | G4: Autorisation
B5: Civilité | C5: Nom | D5: Prénom | E5: Email | G5: Site N°1 | H5: Site N°2
B6: Madame | C6: Baumert | D6: Laura | E6: laura.baumert@wienerberger.com | G6: Oui | H6: Oui

Sheet dénomination_ced
A1: =CLEAN(B1) -> 01 01 | B1: 01 01 | C1: Déchets provenant de l'extraction des minéraux :
A2: =CLEAN(B2) -> 01 01 01 | B2: 01 01 01 | C2: déchets provenant de l'extraction des minéraux métallifères ;
A3: =CLEAN(B3) -> 01 01 02 | B3: 01 01 02 | C3: déchets provenant de l'extraction des minéraux non métallifères.
A4: =CLEAN(B4)
A5: =CLEAN(B5) -> 01 03 | B5: 01 03 | C5: Déchets provenant de la transformation physique et chimique des minéraux métallifères
A6: =CLEAN(B6) -> 01 03 04* | B6: 01 03 04* | C6: stériles acidogènes provenant de la transformation du sulfure
A7: =CLEAN(B7) -> 01 03 05* | B7: 01 03 05* | C7: autres stériles contenant des substances dangereuses
A8: =CLEAN(B8) -> 01 03 06 | B8: 01 03 06 | C8: stériles autres que ceux visés aux rubriques 01 03 04 et 01 03 05
A9: =CLEAN(B9) -> 01 03 07* | B9: 01 03 07* | C9: autres déchets contenant des substances dangereuses provenant de la transformation physique et chimique des minéraux métallifères
A10: =CLEAN(B10) -> 01 03 08 | B10: 01 03 08 | C10: déchets de poussières et de poudres autres que ceux visés à la rubrique 01 03 07
A11: =CLEAN(B11) -> 01 03 09 | B11: 01 03 09 | C11: boues rouges issues de la production d'alumine autres que celles visées à la rubrique 01 03 10
A12: =CLEAN(B12) -> 01 03 10* | B12: 01 03 10* | C12: boues rouges issues de la production d'alumine contenant des substances dangereuses, autres que les déchets visés à la rubrique 01 03 07
A13: =CLEAN(B13) -> 01 03 99 | B13: 01 03 99 | C13: déchets non spécifiés ailleurs
A14: =CLEAN(B14)
A15: =CLEAN(B15) -> 01 04 | B15: 01 04 | C15: Déchets provenant de la transformation physique et chimique des minéraux non métallifères :
A16: =CLEAN(B16) -> 01 04 07* | B16: 01 04 07* | C16: déchets contenant des substances dangereuses provenant de la transformation physique et chimique des minéraux non métallifères ;
A17: =CLEAN(B17) -> 01 04 08 | B17: 01 04 08 | C17: déchets de graviers et débris de pierres autres que ceux visés à la rubrique 01 04 07 ;
A18: =CLEAN(B18) -> 01 04 09 | B18: 01 04 09 | C18: déchets de sable et d'argile ;
A19: =CLEAN(B19) -> 01 04 10 | B19: 01 04 10 | C19: déchets de poussières et de poudres autres que ceux visés à la rubrique 01 04 07 ;
A20: =CLEAN(B20) -> 01 04 11 | B20: 01 04 11 | C20: déchets de la transformation de la potasse et des sels minéraux autres que ceux visés à la rubrique 01 04 07 ;
A21: =CLEAN(B21) -> 01 04 12 | B21: 01 04 12 | C21: stériles et autres déchets, provenant du lavage et du nettoyage des minéraux, autres que ceux visés aux rubriques 01 04 07 et 01 04 11 ;
A22: =CLEAN(B22) -> 01 04 13 | B22: 01 04 13 | C22: déchets provenant de la taille et du sciage des pierres autres que ceux visés à la rubrique 01 04 07 ;
A23: =CLEAN(B23) -> 01 04 99 | B23: 01 04 99 | C23: déchets non spécifiés ailleurs.
A24: =CLEAN(B24)
A25: =CLEAN(B25) -> 01 05 | B25: 01 05 | C25: Boues de forage et autres déchets de forage :
A26: =CLEAN(B26) -> 01 05 04 | B26: 01 05 04 | C26: boues et autres déchets de forage à l'eau douce
A27: =CLEAN(B27) -> 01 05 05* | B27: 01 05 05* | C27: boues et autres déchets de forage contenant des hydrocarbures
A28: =CLEAN(B28) -> 01 05 06* | B28: 01 05 06* | C28: boues de forage et autres déchets de forage contenant des substances dangereuses
A29: =CLEAN(B29) -> 01 05 07 | B29: 01 05 07 | C29: boues et autres déchets de forage contenant des sels de baryum, autres que ceux visés aux rubriques 01 05 05 et 01 05 06
A30: =CLEAN(B30) -> 01 05 08 | B30: 01 05 08 | C30: boues et autres déchets de forage contenant des chlorures, autres que ceux visés aux rubriques 01 05 05 et 01 05 06
A31: =CLEAN(B31) -> 01 05 99 | B31: 01 05 99 | C31: déchets non spécifiés ailleurs
A32: =CLEAN(B32)
A33: =CLEAN(B33) -> 02 Déchets provenant de l'agriculture, de l'horticulture, de l'aquaculture, de la sylviculture, de la chasse et de la pêche ainsi que de la préparation et de la transformation des aliments ; | B33: 02 Déchets provenant de l'agriculture, de l'horticulture, de l'aquaculture, de la sylviculture, de la chasse et de la pêche ainsi que de la préparation et de la transformation des aliments ;
A34: =CLEAN(B34)
A35: =CLEAN(B35) -> 02 01 | B35: 02 01 | C35: Déchets provenant de l'agriculture, de l'horticulture, de l'aquaculture, de la sylviculture, de la chasse et de la pêche :
A36: =CLEAN(B36) -> 02 01 01 | B36: 02 01 01 | C36: boues provenant du lavage et du nettoyage
A37: =CLEAN(B37) -> 02 01 02 | B37: 02 01 02 | C37: déchets de tissus animaux
A38: =CLEAN(B38) -> 02 01 03 | B38: 02 01 03 | C38: déchets de tissus végétaux
A39: =CLEAN(B39) -> 02 01 04 | B39: 02 01 04 | C39: déchets de matières plastiques (à l'exclusion des emballages)
A40: =CLEAN(B40) -> 02 01 06 | B40: 02 01 06 | C40: fèces, urine et fumier (y compris paille souillée), effluents, collectés séparément et traités hors site
A41: =CLEAN(B41) -> 02 01 07 | B41: 02 01 07 | C41: déchets provenant de la sylviculture
A42: =CLEAN(B42) -> 02 01 08* | B42: 02 01 08* | C42: déchets agrochimiques contenant des substances dangereuses
A43: =CLEAN(B43) -> 02 01 09 | B43: 02 01 09 | C43: déchets agrochimiques autres que ceux visés à la rubrique 02 01 08
A44: =CLEAN(B44) -> 02 01 10 | B44: 02 01 10 | C44: déchets métalliques
A45: =CLEAN(B45) -> 02 01 99 | B45: 02 01 99 | C45: déchets non spécifiés ailleurs
A46: =CLEAN(B46)
A47: =CLEAN(B47) -> 02 02 | B47: 02 02 | C47: Déchets provenant de la préparation et de la transformation de la viande, des poissons et autres aliments d'origine animale :
A48: =CLEAN(B48) -> 02 02 01 | B48: 02 02 01 | C48: boues provenant du lavage et du nettoyage
A49: =CLEAN(B49) -> 02 02 02 | B49: 02 02 02 | C49: déchets de tissus animaux
A50: =CLEAN(B50) -> 02 02 03 | B50: 02 02 03 | C50: matières impropres à la consommation ou à la transformation
A51: =CLEAN(B51) -> 02 02 04 | B51: 02 02 04 | C51: boues provenant du traitement in situ des effluents
A52: =CLEAN(B52) -> 02 02 99 | B52: 02 02 99 | C52: déchets non spécifiés ailleurs
A53: =CLEAN(B53)
A54: =CLEAN(B54) -> 02 03 | B54: 02 03 | C54: Déchets provenant de la préparation et de la transformation des fruits, des légumes, des céréales, des huiles alimentaires, du cacao, du café, du thé et du tabac, de la production de conserves, de la production de levures et d'extraits de levures, de la préparation et de la fermentation de mélasses :
A55: =CLEAN(B55) -> 02 03 01 | B55: 02 03 01 | C55: boues provenant du lavage, du nettoyage, de l'épluchage, de la centrifugation et de la séparation
A56: =CLEAN(B56) -> 02 03 02 | B56: 02 03 02 | C56: déchets d'agents de conservation
A57: =CLEAN(B57) -> 02 03 03 | B57: 02 03 03 | C57: déchets de l'extraction aux solvants
A58: =CLEAN(B58) -> 02 03 04 | B58: 02 03 04 | C58: matières impropres à la consommation ou à la transformation
A59: =CLEAN(B59) -> 02 03 05 | B59: 02 03 05 | C59: boues provenant du traitement in situ des effluents
A60: =CLEAN(B60) -> 02 03 99 | B60: 02 03 99 | C60: déchets non spécifiés ailleurs
A61: =CLEAN(B61)
A62: =CLEAN(B62) -> 02 04 | B62: 02 04 | C62: Déchets de la transformation du sucre
A63: =CLEAN(B63) -> 02 04 01 | B63: 02 04 01 | C63: terre provenant du lavage et du nettoyage des betteraves
A64: =CLEAN(B64) -> 02 04 02 | B64: 02 04 02 | C64: carbonate de calcium déclassé
A65: =CLEAN(B65) -> 02 04 03 | B65: 02 04 03 | C65: boues provenant du traitement in situ des effluents
A66: =CLEAN(B66) -> 02 04 99 | B66: 02 04 99 | C66: déchets non spécifiés ailleurs
A67: =CLEAN(B67)
A68: =CLEAN(B68) -> 02 05 | B68: 02 05 | C68: Déchets provenant de l'industrie des produits laitiers :
A69: =CLEAN(B69) -> 02 05 01 | B69: 02 05 01 | C69: matières impropres à la consommation ou à la transformation
A70: =CLEAN(B70) -> 02 05 02 | B70: 02 05 02 | C70: boues provenant du traitement in situ des effluents
A71: =CLEAN(B71) -> 02 05 99 | B71: 02 05 99 | C71: déchets non spécifiés ailleurs
A72: =CLEAN(B72)
A73: =CLEAN(B73) -> 02 06 | B73: 02 06 | C73: Déchets de boulangerie, pâtisserie, confiserie ;
A74: =CLEAN(B74) -> 02 06 01 | B74: 02 06 01 | C74: matières impropres à la consommation ou à la transformation
A75: =CLEAN(B75) -> 02 06 02 | B75: 02 06 02 | C75: déchets d'agents de conservation
A76: =CLEAN(B76) -> 02 06 03 | B76: 02 06 03 | C76: boues provenant du traitement in situ des effluents
A77: =CLEAN(B77) -> 02 06 99 | B77: 02 06 99 | C77: déchets non spécifiés ailleurs
A78: =CLEAN(B78)
A79: =CLEAN(B79) -> 02 07 | B79: 02 07 | C79: Déchets provenant de la production de boissons alcooliques et non alcooliques (sauf café, thé et cacao) :
A80: =CLEAN(B80) -> 02 07 01 | B80: 02 07 01 | C80: déchets provenant du lavage, du nettoyage et de la réduction mécanique des matières premières
A81: =CLEAN(B81) -> 02 07 02 | B81: 02 07 02 | C81: déchets de la distillation de l'alcool
A82: =CLEAN(B82) -> 02 07 03 | B82: 02 07 03 | C82: déchets de traitements chimiques
A83: =CLEAN(B83) -> 02 07 04 | B83: 02 07 04 | C83: matières impropres à la consommation ou à la transformation
A84: =CLEAN(B84) -> 02 07 05 | B84: 02 07 05 | C84: boues provenant du traitement in situ des effluents
A85: =CLEAN(B85) -> 02 07 99 | B85: 02 07 99 | C85: déchets non spécifiés ailleurs
A86: =CLEAN(B86)
A87: =CLEAN(B87) -> 03 Déchets provenant de la transformation du bois et de la production de panneaux et de meubles, de pâte à papier, de papier et de carton : | B87: 03 Déchets provenant de la transformation du bois et de la production de panneaux et de meubles, de pâte à papier, de papier et de carton :
A88: =CLEAN(B88)
A89: =CLEAN(B89) -> 03 01 | B89: 03 01 | C89: Déchets provenant de la transformation du bois et de la fabrication de panneaux et de meubles :
A90: =CLEAN(B90) -> 03 01 01 | B90: 03 01 01 | C90: déchets d'écorce et de liège
A91: =CLEAN(B91) -> 03 01 04* | B91: 03 01 04* | C91: sciure de bois, copeaux, chutes, bois, panneaux de particules et placages contenant des substances dangereuses
A92: =CLEAN(B92) -> 03 01 05 | B92: 03 01 05 | C92: sciure de bois, copeaux, chutes, bois, panneaux de particules et placages autres que ceux visés à la rubrique 03 01 04
A93: =CLEAN(B93) -> 03 01 99 | B93: 03 01 99 | C93: déchets non spécifiés ailleurs
A94: =CLEAN(B94)
A95: =CLEAN(B95) -> 03 02 | B95: 03 02 | C95: Déchets des produits de protection du bois :
A96: =CLEAN(B96) -> 03 02 01* | B96: 03 02 01* | C96: composés organiques non halogénés de protection du bois
A97: =CLEAN(B97) -> 03 02 02* | B97: 03 02 02* | C97: composés organochlorés de protection du bois
A98: =CLEAN(B98) -> 03 02 03* | B98: 03 02 03* | C98: composés organométalliques de protection du bois
A99: =CLEAN(B99) -> 03 02 04* | B99: 03 02 04* | C99: composés inorganiques de protection du bois
A100: =CLEAN(B100) -> 03 02 05* | B100: 03 02 05* | C100: autres produits de protection du bois contenant des substances dangereuses
...

Sheet template_code
A1: site_nom | B1: site_siret | C1: site_adresse | D1: site_gerep | E1: filiere_nom | F1: ced | G1: description_ced | H1: denomination_ced | I1: consistance | J1: cap | L1: adr | M1: onu | N1: onu_denomination | O1: classe_de_danger | P1: groupe_emballage | R1: adresse_collecte | T1: producteur_nom | U1: producteur_personne_lastname | V1: producteur_personne_firstname | W1: producteur_personne_tel | X1: producteur_personne_email | Z1: operationelle_personne_lastname | AA1: operationelle_personne_firstname | AB1: operationelle_personne_tel | AC1: operationelle_personne_email | AE1: contenant_nom | AF1: contenant_code | AG1: contenant_identifiant | AH1: contenant_description | AI1: contenant_volume_unitaire | AJ1: contenant_nombre_indicatif | AK1: contenant_proprio_ou_location | AL1: contenant_prestataire_nom | AM1: contenant_prestataire_siret | AO1: eco_organisme_nom | AP1: eco_organisme_siret | AR1: negociant_nom | AS1: negociant_siret | AT1: negociant_adresse | AU1: negociant_recipisse_numero | AW1: negociant_personne_lastname | AX1: negociant_personne_firstname | AY1: negociant_personne_tel | AZ1: negociant_personne_email | BB1: negociant_personne_collecte_lastname | BC1: negociant_personne_collecte_firstname | BD1: negociant_personne_collecte_tel | BE1: negociant_personne_collecte_email | BG1: transporteur_nom | BH1: transporteur_siret | BI1: transporteur_adresse | BJ1: transporteur_recipisse_numero | BL1: transporteur_personne_lastname | BM1: transporteur_personne_firstname | BN1: transporteur_personne_tel | BO1: transporteur_personne_email | BQ1: transporteur_personne_collecte_lastname | BR1: transporteur_personne_collecte_firstname | BS1: transporteur_personne_collecte_tel | BT1: transporteur_personne_collecte_email | BV1: installation_intermediaire_nom | BW1: installation_intermediaire_siret | BX1: installation_intermediaire_adresse | BY1: installation_intermediaire_recipisse_numero | BZ1: installation_intermediaire_code_traitement | CB1: installation_intermediaire_personne_lastname | CC1: installation_intermediaire_personne_firstname | CD1: installation_intermediaire_personne_tel | CE1: installation_intermediaire_personne_email | CG1: prestataire_final_nom | CH1: prestataire_final_siret | CI1: prestataire_final_adresse | CJ1: prestataire_final_recipisse_numero | CK1: prestataire_final_code_traitement | CL1: prestataire_final_traitement_qualification | CN1: prestataire_final_personne_lastname | CO1: prestataire_final_personne_firstname | CP1: prestataire_final_personne_tel | CQ1: prestataire_final_personne_email
A2: Usine Achenheim | B2: 54850098200044 | C2: 5 rue du Canal 67204 Achenheim | E2: Aérosols et Gaz | F2: 16 05 04* | H2: {=IFERROR(INDEX(dénomination_ced!$C$2:$C$1102, MATCH(F2, dénomination_ced!$C$1:$C$1102, 0)), "Non classifié")} -> Non classifié | I2: LIQUID | J2: WEE2838942 | L2: UN 1789, acide chlorhydrique, 8, II, (E) | M2: 1789 | N2: acide chlorhydrique | O2: 7 | P2: II | T2: Wienerberger | U2: Baumert | V2: Laura | W2: 06 12 33 76 40 | X2: laura.baumert@wienerberger.com | Z2: Bauvier | AA2: Carinne | AB2: 06 44 44 44 44 | AC2: carinne.bauvier@wienerberger.com | AE2: GRV | AF2: GRV | AH2: Grand Récipient Pour Vrac | AI2: 1000L | AJ2: 5 | AK2: Propriétaire | AO2: non concerné | AP2: non concerné | BG2: Chimirec Est | BH2: 39933934000016 | BI2: ZI La Haie Sorette 54450 Domjevin | BJ2: TR547592024 | BL2: Camion | BM2: Luc | BN2: 05 44 44 44 44 | BO2: l.c@transpo.fr | BQ2: lechateau | BR2: Laurent | BS2: 09 09 09 09 09 | BT2: lefifi@lemail.fr | BV2: Chimirec Est | BW2: ############# | BX2: ZI La Haie Sorette 54450 Domjevin | BZ2: R12 | CB2: Legrand | CC2: Marcel | CD2: 33 33 33 33 33 | CE2: legrand@marcel.fr | CG2: Autorisation par arrêté préfectoral, à une rupture de traçabilité pour ce déchet | CK2: R4 | CL2: Recyclage | CN2: Lepoint | CO2: Martin | CP2: 87 56 76 87 98 | CQ2: lepoint@outlook.fr
A3: Usine Achenheim | B3: 54850098200044 | C3: 5 rue du Canal 67204 Achenheim | E3: Déchets de Bois et Papier | F3: 15 01 03 | H3: {=IFERROR(INDEX(dénomination_ced!$C$2:$C$1102, MATCH(F3, dénomination_ced!$C$1:$C$1102, 0)), "Non classifié")} -> Non classifié | I3: SOLID | J3: WEE2838943 | L3: non concerné | M3: non concerné | N3: non concerné | O3: non concerné | P3: non concerné | T3: Wienerberger | U3: Baumert | V3: Laura | W3: 06 12 33 76 40 | X3: laura.baumert@wienerberger.com | Z3: Bauvier | AA3: Carinne | AB3: 06 44 44 44 44 | AC3: carinne.bauvier@wienerberger.com | AE3: GRV | AF3: GRV | AH3: Grand Récipient Pour Vrac | AI3: 1000L | AJ3: 5 | AK3: Propriétaire | AO3: non concerné | AP3: non concerné | BG3: Suez | BH3: 50 472 678 700 030 | BI3: 13 route de Rohrshollen 67100 Strasbourg | BJ3: 2167061 | BL3: Camion | BM3: Luc | BN3: 05 44 44 44 44 | BO3: l.c@transpo.fr | BQ3: lechateau | BR3: Laurent | BS3: 09 09 09 09 09 | BT3: lefifi@lemail.fr | CG3: SARDI | CH3: 35238105700038 | CI3: 15 route du Rohrschollen 67000 Strasbourg | CK3: R5 | CL3: Recyclage | CN3: Lepoint | CO3: Martin | CP3: 87 56 76 87 98 | CQ3: lepoint@outlook.fr
A4: Usine Achenheim | B4: 54850098200044 | C4: 5 rue du Canal 67204 Achenheim | E4: Non classifié | F4: 13 05 02* | G4: Boues de séparateurs - eaux/hydrocarbures | H4: {=IFERROR(INDEX(dénomination_ced!$C$2:$C$1102, MATCH(F4, dénomination_ced!$C$1:$C$1102, 0)), "Non classifié")} -> Non classifié | I4: LIQUID | J4: WEE2838944 | L4: UN 1742, acide chlorhydrique, 8, II, (E) | M4: 1742 | N4: acide chlorhydrique | O4: 7 | P4: II | T4: Wienerberger | U4: Baumert | V4: Laura | W4: 06 12 33 76 40 | X4: laura.baumert@wienerberger.com | Z4: Bauvier | AA4: Carinne | AB4: 06 44 44 44 44 | AC4: carinne.bauvier@wienerberger.com | AE4: GRV | AF4: GRV | AH4: Grand Récipient Pour Vrac | AI4: 1000L | AJ4: 5 | AK4: Propriétaire | AO4: non concerné | AP4: non concerné | BG4: Suez | BH4: 50 472 678 700 030 | BI4: 13 route de Rohrshollen 67100 Strasbourg | BJ4: 2167061 | BL4: Camion | BM4: Luc | BN4: 05 44 44 44 44 | BO4: l.c@transpo.fr | BQ4: lechateau | BR4: Laurent | BS4: 09 09 09 09 09 | BT4: lefifi@lemail.fr | CG4: SARDI | CH4: 35 238 105 700 038 | CI4: 15 route du Rohrschollen 67000 Strasbourg | CK4: R5 | CL4: Recyclage | CN4: Lepoint | CO4: Martin | CP4: 87 56 76 87 98 | CQ4: lepoint@outlook.fr
A5: Usine Achenheim | B5: 54850098200044 | C5: 5 rue du Canal 67204 Achenheim | E5: Déchets Plastiques | F5: 15 01 06 | G5: Bouteilles plastiques et canettes | H5: {=IFERROR(INDEX(dénomination_ced!$C$2:$C$1102, MATCH(F5, dénomination_ced!$C$1:$C$1102, 0)), "Non classifié")} -> Non classifié | I5: SOLID | J5: WEE2838945 | L5: non concerné | M5: non concerné | N5: non concerné | O5: non concerné | P5: non concerné | T5: Wienerberger | U5: Baumert | V5: Laura | W5: 06 12 33 76 40 | X5: laura.baumert@wienerberger.com | Z5: Bauvier | AA5: Carinne | AB5: 06 44 44 44 44 | AC5: carinne.bauvier@wienerberger.com | AE5: GRV | AF5: GRV | AH5: Grand Récipient Pour Vrac | AI5: 1000L | AJ5: 7 | AK5: Propriétaire | AO5: non concerné | AP5: non concerné | BG5: Schroll | BH5: 32 519 337 300 017 | BI5: 6 rue de Cherbourg 67100 Strasbourg | BJ5: 2067081 | BL5: Camion | BM5: Luc | BN5: 05 44 44 44 44 | BO5: l.c@transpo.fr | BQ5: lechateau | BR5: Laurent | BS5: 09 09 09 09 09 | BT5: lefifi@lemail.fr | CG5: Schroll | CH5: 32 519 337 300 017 | CI5: 6 rue de Cherbourg 67100 Strasbourg | CK5: R5 | CL5: Recyclage | CN5: Lepoint | CO5: Martin | CP5: 87 56 76 87 98 | CQ5: lepoint@outlook.fr
A6: Usine Achenheim | B6: 54850098200044 | C6: 5 rue du Canal 67204 Achenheim | E6: Déchets Technologiques et Électroniques | F6: 15 01 10* | G6: (salle archives garage) | H6: {=IFERROR(INDEX(dénomination_ced!$C$2:$C$1102, MATCH(F6, dénomination_ced!$C$1:$C$1102, 0)), "Non classifié")} -> Non classifié | I6: SOLID | J6: WEE2838946 | L6: UN 1777, acide chlorhydrique, 8, II, (E) | M6: 1777 | N6: acide chlorhydrique | O6: 7 | P6: II | T6: Wienerberger | U6: Baumert | V6: Laura | W6: 06 12 33 76 40 | X6: laura.baumert@wienerberger.com | Z6: Bauvier | AA6: Carinne | AB6: 06 44 44 44 44 | AC6: carinne.bauvier@wienerberger.com | AE6: GRV | AF6: GRV | AH6: Grand Récipient Pour Vrac | AI6: 1000L | AJ6: 7 | AK6: Propriétaire | AO6: non concerné | AP6: non concerné | BG6: EDIB | BH6: 30223694800030 | BI6: QUAI DU CANAL 67270 HOCHFELDEN | BJ6: 7540873 | BL6: Camion | BM6: Luc | BN6: 05 44 44 44 44 | BO6: l.c@transpo.fr | BQ6: lechateau | BR6: Laurent | BS6: 09 09 09 09 09 | BT6: lefifi@lemail.fr | BV6: EDIB | BW6: ############# | BX6: QUAI DU CANAL 67270 HOCHFELDEN | BZ6: R13 | CB6: Legrand | CC6: Marcel | CD6: 33 33 33 33 33 | CE6: legrand@marcel.fr | CG6: EDIB | CH6: 30223694800030 | CI6: QUAI DU CANAL 67270 HOCHFELDEN | CK6: R1 | CL6: Valorisation | CN6: Lepoint | CO6: Martin | CP6: 87 56 76 87 98 | CQ6: lepoint@outlook.fr
A7: Usine Achenheim | B7: 54850098200044 | C7: 5 rue du Canal 67204 Achenheim | E7: Aérosols et Gaz | F7: 10 01 18* | G7: (poudres non chlorées) | H7: {=IFERROR(INDEX(dénomination_ced!$C$2:$C$1102, MATCH(F7, dénomination_ced!$C$1:$C$1102, 0)), "Non classifié")} -> Non classifié | I7: SOLID | J7: WEE2838947 | L7: UN 1774, acide chlorhydrique, 8, II, (E) | M7: 1774 | N7: acide chlorhydrique | O7: 7 | P7: II | T7: Wienerberger | U7: Baumert | V7: Laura | W7: 06 12 33 76 40 | X7: laura.baumert@wienerberger.com | Z7: Bauvier | AA7: Carinne | AB7: 06 44 44 44 44 | AC7: carinne.bauvier@wienerberger.com | AE7: GRV | AF7: GRV | AH7: Grand Récipient Pour Vrac | AI7: 1000L | AJ7: 7 | AK7: Propriétaire | AO7: non concerné | AP7: non concerné | BG7: Chimirec Est | BH7: 39933934000016 | BI7: ZI La Haie Sorette 54450 Domjevin | BJ7: TR547592024 | BL7: Camion | BM7: Luc | BN7: 05 44 44 44 44 | BO7: l.c@transpo.fr | BQ7: lechateau | BR7: Laurent | BS7: 09 09 09 09 09 | BT7: lefifi@lemail.fr | BV7: Chimirec Est | BW7: ############# | BX7: ZI La Haie Sorette 54450 Domjevin | BZ7: R12 | CB7: Legrand | CC7: Marcel | CD7: 33 33 33 33 33 | CE7: legrand@marcel.fr | CG7: Autorisation par arrêté préfectoral, à une rupture de traçabilité pour ce déchet | CK7: R12 | CL7: Recyclage | CN7: Lepoint | CO7: Martin | CP7: 87 56 76 87 98 | CQ7: lepoint@outlook.fr
A8: Usine Achenheim | B8: 54850098200044 | C8: 5 rue du Canal 67204 Achenheim | E8: Déchets Bâtiment et Construction | F8: 17 05 04 | H8: {=IFERROR(INDEX(dénomination_ced!$C$2:$C$1102, MATCH(F8, dénomination_ced!$C$1:$C$1102, 0)), "Non classifié")} -> Non classifié | I8: SOLID | J8: WEE2838948 | L8: non concerné | M8: non concerné | N8: non concerné | O8: non concerné | P8: non concerné | T8: Wienerberger | U8: Baumert | V8: Laura | W8: 06 12 33 76 40 | X8: laura.baumert@wienerberger.com | Z8: Bauvier | AA8: Carinne | AB8: 06 44 44 44 44 | AC8: carinne.bauvier@wienerberger.com | AE8: GRV | AF8: GRV | AH8: Grand Récipient Pour Vrac | AI8: 1000L | AJ8: 12 | AK8: Propriétaire | AO8: non concerné | AP8: non concerné | BG8: Lingenheld | BH8: 38 535 103 600 053 | BI8: Carrefour Bellevue, Chemin du Hitzthal 67203 Oberschaeffolsheim | BJ8: non soumis | BL8: Camion | BM8: Luc | BN8: 05 44 44 44 44 | BO8: l.c@transpo.fr | BQ8: lechateau | BR8: Laurent | BS8: 09 09 09 09 09 | BT8: lefifi@lemail.fr | CB8: Legrand | CC8: Marcel | CD8: 33 33 33 33 33 | CE8: legrand@marcel.fr | CG8: Lingenheld | CH8: 38 535 103 600 053 | CI8: Carrefour Bellevue, Chemin du Hitzthal 67203 Oberschaeffolsheim | CK8: R5/D1 | CL8: Valorisation (briques) + élimination (terre+DIB) | CN8: Lepoint | CO8: Martin | CP8: 87 56 76 87 98 | CQ8: lepoint@outlook.fr
A9: Usine Achenheim | B9: 54850098200044 | C9: 5 rue du Canal 67204 Achenheim | E9: Non classifié | F9: 16 07 08* | G9: provenant de la fosse élévateur manutention produit vert (intervention du 13/11/2023) | H9: {=IFERROR(INDEX(dénomination_ced!$C$2:$C$1102, MATCH(F9, dénomination_ced!$C$1:$C$1102, 0)), "Non classifié")} -> Non classifié | I9: SOLID | J9: WEE2838949 | L9: UN 1734, acide chlorhydrique, 8, II, (E) | M9: 1734 | N9: acide chlorhydrique | O9: 7 | P9: II | T9: Wienerberger | U9: Baumert | V9: Laura | W9: 06 12 33 76 40 | X9: laura.baumert@wienerberger.com | Z9: Bauvier | AA9: Carinne | AB9: 06 44 44 44 44 | AC9: carinne.bauvier@wienerberger.com | AE9: GRV | AF9: GRV | AH9: Grand Récipient Pour Vrac | AI9: 1000L | AJ9: 12 | AK9: Propriétaire | AO9: non concerné | AP9: non concerné | BG9: Transports Geissel | BH9: 39002820700020 | BI9: 18 rue de l'Energie 67870 Griesheim-Près-Molsheim | BJ9: 2267008 | BL9: Camion | BM9: Luc | BN9: 05 44 44 44 44 | BO9: l.c@transpo.fr | BQ9: lechateau | BR9: Laurent | BS9: 09 09 09 09 09 | BT9: lefifi@lemail.fr | CG9: Evapur | CH9: 45025886800022 | CI9: 1 boucle du Carreau de la Mine 57100 Thionville | CK9: R3 | CL9: Recyclage | CN9: Lepoint | CO9: Martin | CP9: 87 56 76 87 98 | CQ9: lepoint@outlook.fr
A10: Usine Achenheim | B10: 54850098200044 | C10: 5 rue du Canal 67204 Achenheim | E10: Non classifié | F10: 16 07 08* | G10: provenant des fosses élévateurs et de 4 bacs de rétention (intervention du 19/12/2023) | H10: {=IFERROR(INDEX(dénomination_ced!$C$2:$C$1102, MATCH(F10, dénomination_ced!$C$1:$C$1102, 0)), "Non classifié")} -> Non classifié | I10: SOLID | J10: WEE2838950 | L10: UN 1734, acide chlorhydrique, 8, II, (E) | M10: 1734 | N10: acide chlorhydrique | O10: 7 | P10: II | T10: Wienerberger | U10: Baumert | V10: Laura | W10: 06 12 33 76 40 | X10: laura.baumert@wienerberger.com | Z10: Bauvier | AA10: Carinne | AB10: 06 44 44 44 44 | AC10: carinne.bauvier@wienerberger.com | AE10: GRV | AF10: GRV | AH10: Grand Récipient Pour Vrac | AI10: 1000L | AJ10: 1 | AK10: Propriétaire | AO10: non concerné | AP10: non concerné | BG10: Transports Geissel | BH10: 39002820700020 | BI10: 18 rue de l'Energie 67870 Griesheim-Près-Molsheim | BJ10: 2267008 | BL10: Camion | BM10: Luc | BN10: 05 44 44 44 44 | BO10: l.c@transpo.fr | BQ10: lechateau | BR10: Laurent | BS10: 09 09 09 09 09 | BT10: lefifi@lemail.fr | CG10: Evapur | CH10: 45025886800022 | CI10: 1 boucle du Carreau de la Mine 57100 Thionville | CK10: R3 | CL10: Recyclage | CN10: Lepoint | CO10: Martin | CP10: 87 56 76 87 98 | CQ10: lepoint@outlook.fr
A11: Usine Achenheim | B11: 54850098200044 | C11: 5 rue du Canal 67204 Achenheim | E11: Déchets Technologiques et Électroniques | F11: 16 02 13* | H11: {=IFERROR(INDEX(dénomination_ced!$C$2:$C$1102, MATCH(F11, dénomination_ced!$C$1:$C$1102, 0)), "Non classifié")} -> Non classifié | I11: SOLID | J11: WEE2838951 | L11: non concerné | M11: non concerné | N11: non concerné | O11: non concerné | P11: non concerné | T11: Wienerberger | U11: Baumert | V11: Laura | W11: 06 12 33 76 40 | X11: laura.baumert@wienerberger.com | Z11: Bauvier | AA11: Carinne | AB11: 06 44 44 44 44 | AC11: carinne.bauvier@wienerberger.com | AE11: GRV | AF11: GRV | AH11: Grand Récipient Pour Vrac | AI11: 1000L | AJ11: 1 | AK11: Propriétaire | AO11: non concerné | AP11: non concerné | BG11: Chimirec Est | BH11: 39933934000016 | BI11: ZI La Haie Sorette 54450 Domjevin | BJ11: TR547592024 | BL11: Camion | BM11: Luc | BN11: 05 44 44 44 44 | BO11: l.c@transpo.fr | BQ11: lechateau | BR11: Laurent | BS11: 09 09 09 09 09 | BT11: lefifi@lemail.fr | BV11: Chimirec Est | BW11: ############# | BX11: ZI La Haie Sorette 54450 Domjevin | BZ11: R12 | CB11: Legrand | CC11: Marcel | CD11: 33 33 33 33 33 | CE11: legrand@marcel.fr | CG11: Autorisation par arrêté préfectoral, à une rupture de traçabilité pour ce déchet | CK11: R4 | CL11: Recyclage | CN11: Lepoint | CO11: Martin | CP11: 87 56 76 87 98 | CQ11: lepoint@outlook.fr
A12: Usine Achenheim | B12: 54850098200044 | C12: 5 rue du Canal 67204 Achenheim | E12: Autres Déchets Industriels | F12: 20 03 01 | H12: {=IFERROR(INDEX(dénomination_ced!$C$2:$C$1102, MATCH(F12, dénomination_ced!$C$1:$C$1102, 0)), "Non classifié")} -> Non classifié | I12: SOLID | J12: WEE2838952 | L12: non concerné | M12: non concerné | N12: non concerné | O12: non concerné | P12: non concerné | R12: 5 rue des fous 65500 Lille | T12: Wienerberger | U12: Baumert | V12: Laura | W12: 06 12 33 76 40 | X12: laura.baumert@wienerberger.com | Z12: Bauvier | AA12: Carinne | AB12: 06 44 44 44 44 | AC12: carinne.bauvier@wienerberger.com | AE12: Fûts 200L | AF12: FUT | AH12: Fût acier 200L | AI12: 200L | AJ12: 2 | AK12: Propriétaire | AO12: non concerné | AP12: non concerné | BG12: Suez | BH12: 50 472 678 700 030 | BI12: 13 route de Rohrshollen 67100 Strasbourg | BJ12: 2167061 | BL12: Camion | BM12: Luc | BN12: 05 44 44 44 44 | BO12: l.c@transpo.fr | BQ12: lechateau | BR12: Laurent | BS12: 09 09 09 09 09 | BT12: lefifi@lemail.fr | CG12: EDIB | CH12: 30 223 694 800 048 | CI12: Route de Krautergersheim 67870 Bischoffsheim | CK12: R12/D1-D10 | CL12: Recyclage + élimination (selon déchets soit incinération soit mise en décharge) | CN12: Lepoint | CO12: Martin | CP12: 87 56 76 87 98 | CQ12: lepoint@outlook.fr
A13: Usine Achenheim | B13: 54850098200044 | C13: 5 rue du Canal 67204 Achenheim | E13: Autres Déchets Industriels | F13: 20 03 01 | H13: {=IFERROR(INDEX(dénomination_ced!$C$2:$C$1102, MATCH(F13, dénomination_ced!$C$1:$C$1102, 0)), "Non classifié")} -> Non classifié | I13: SOLID | J13: WEE2838953 | L13: non concerné | M13: non concerné | N13: non concerné | O13: non concerné | P13: non concerné | R13: 5 rue des fous 65500 Lille | T13: Wienerberger | U13: Baumert | V13: Laura | W13: 06 12 33 76 40 | X13: laura.baumert@wienerberger.com | Z13: Bauvier | AA13: Carinne | AB13: 06 44 44 44 44 | AC13: carinne.bauvier@wienerberger.com | AE13: Fûts 200L | AF13: FUT | AH13: Fût acier 200L | AI13: 200L | AJ13: 2 | AK13: Propriétaire | AO13: non concerné | AP13: non concerné | BG13: Suez | BH13: 50 472 678 700 030 | BI13: 13 route de Rohrshollen 67100 Strasbourg | BJ13: 2167061 | BL13: Camion | BM13: Luc | BN13: 05 44 44 44 44 | BO13: l.c@transpo.fr | BQ13: lechateau | BR13: Laurent | BS13: 09 09 09 09 09 | BT13: lefifi@lemail.fr | CG13: SARDI | CH13: 35 238 105 700 038 | CI13: 15 route du Rohrschollen 67000 Strasbourg | CK13: R1 R5 | CL13: Valorisation énergétique + recyclage | CN13: Lepoint | CO13: Martin | CP13: 87 56 76 87 98 | CQ13: lepoint@outlook.fr
A14: Usine Achenheim | B14: 54850098200044 | C14: 5 rue du Canal 67204 Achenheim | E14: Déchets LIQUIDs et Eaux Usées | F14: 12 03 01* | G14: pièces mécaniques - fontaine dégraissage | H14: {=IFERROR(INDEX(dénomination_ced!$C$2:$C$1102, MATCH(F14, dénomination_ced!$C$1:$C$1102, 0)), "Non classifié")} -> Non classifié | I14: LIQUID | J14: WEE2838954 | L14: non concerné | M14: non concerné | N14: non concerné | O14: non concerné | P14: non concerné | R14: 5 rue des fous 65500 Lille | T14: Wienerberger | U14: Baumert | V14: Laura | W14: 06 12 33 76 40 | X14: laura.baumert@wienerberger.com | Z14: Bauvier | AA14: Carinne | AB14: 06 44 44 44 44 | AC14: carinne.bauvier@wienerberger.com | AE14: Fûts 200L | AF14: FUT | AH14: Fût acier 200L | AI14: 200L | AJ14: 4 | AK14: Propriétaire | AO14: non concerné | AP14: non concerné | BG14: Chimirec Est | BH14: 39933934000016 | BI14: ZI La Haie Sorette 54450 Domjevin | BJ14: TR547592024 | BL14: Camion | BM14: Luc | BN14: 05 44 44 44 44 | BO14: l.c@transpo.fr | BQ14: lechateau | BR14: Laurent | BS14: 09 09 09 09 09 | BT14: lefifi@lemail.fr | BV14: Chimirec Est | BW14: ############# | BX14: ZI La Haie Sorette 54450 Domjevin | BZ14: D13 | CB14: Legrand | CC14: Marcel | CD14: 33 33 33 33 33 | CE14: legrand@marcel.fr | CG14: Autorisation par arrêté préfectoral, à une rupture de traçabilité pour ce déchet | CK14: D5 | CL14: Elimination (décharge) | CN14: Lepoint | CO14: Martin | CP14: 87 56 76 87 98 | CQ14: lepoint@outlook.fr
A15: Usine Achenheim | B15: 54850098200044 | C15: 5 rue du Canal 67204 Achenheim | E15: Déchets de Bois et Papier | F15: 15 01 01 | G15: Emballages en papier/carton | H15: {=IFERROR(INDEX(dénomination_ced!$C$2:$C$1102, MATCH(F15, dénomination_ced!$C$1:$C$1102, 0)), "Non classifié")} -> Non classifié | I15: SOLID | J15: WEE2838955 | L15: non concerné | M15: non concerné | N15: non concerné | O15: non concerné | P15: non concerné | R15: 5 rue des fous 65500 Lille | T15: Wienerberger | U15: Baumert | V15: Laura | W15: 06 12 33 76 40 | X15: laura.baumert@wienerberger.com | Z15: Bauvier | AA15: Carinne | AB15: 06 44 44 44 44 | AC15: carinne.bauvier@wienerberger.com | AE15: Fûts 200L | AF15: FUT | AH15: Fût acier 200L | AI15: 200L | AJ15: 4 | AK15: Propriétaire | AO15: non concerné | AP15: non concerné | BG15: Schroll | BH15: 32 519 337 300 017 | BI15: 6 rue de Cherbourg 67100 Strasbourg | BJ15: 2067081 | BL15: Camion | BM15: Luc | BN15: 05 44 44 44 44 | BO15: l.c@transpo.fr | BQ15: lechateau | BR15: Laurent | BS15: 09 09 09 09 09 | BT15: lefifi@lemail.fr | CG15: Schroll | CH15: 32 519 337 300 017 | CI15: 6 rue de Cherbourg 67100 Strasbourg | CK15: R5 | CL15: Recyclage | CN15: Lepoint | CO15: Martin | CP15: 87 56 76 87 98 | CQ15: lepoint@outlook.fr
A16: Usine Achenheim | B16: 54850098200044 | C16: 5 rue du Canal 67204 Achenheim | E16: Déchets Métalliques | F16: 15 01 10* | G16: Emballages vides souillés métalliques (fûts 200L) | H16: {=IFERROR(INDEX(dénomination_ced!$C$2:$C$1102, MATCH(F16, dénomination_ced!$C$1:$C$1102, 0)), "Non classifié")} -> Non classifié | I16: SOLID | J16: WEE2838956 | L16: UN 1734, acide chlorhydrique, 8, II, (E) | M16: 1734 | N16: acide chlorhydrique | O16: 7 | P16: II | R16: 5 rue des fous 65500 Lille | T16: Wienerberger | U16: Baumert | V16: Laura | W16: 06 12 33 76 40 | X16: laura.baumert@wienerberger.com | Z16: Bauvier | AA16: Carinne | AB16: 06 44 44 44 44 | AC16: carinne.bauvier@wienerberger.com | AE16: Fûts 200L | AF16: FUT | AH16: Fût acier 200L | AI16: 200L | AJ16: 2 | AK16: Propriétaire | AO16: non concerné | AP16: non concerné | BG16: Chimirec Est | BH16: 39933934000016 | BI16: ZI La Haie Sorette 54450 Domjevin | BJ16: TR547592024 | BL16: Camion | BM16: Luc | BN16: 05 44 44 44 44 | BO16: l.c@transpo.fr | BQ16: lechateau | BR16: Laurent | BS16: 09 09 09 09 09 | BT16: lefifi@lemail.fr | BV16: Chimirec Est | BW16: ############# | BX16: ZI La Haie Sorette 54450 Domjevin | BZ16: R12 | CB16: Legrand | CC16: Marcel | CD16: 33 33 33 33 33 | CE16: legrand@marcel.fr | CG16: Autorisation par arrêté préfectoral, à une rupture de traçabilité pour ce déchet | CK16: R12 | CL16: Recyclage | CN16: Lepoint | CO16: Martin | CP16: 87 56 76 87 98 | CQ16: lepoint@outlook.fr
A17: Usine Achenheim | B17: 54850098200044 | C17: 5 rue du Canal 67204 Achenheim | E17: Déchets Métalliques | F17: 17 04 07 | H17: {=IFERROR(INDEX(dénomination_ced!$C$2:$C$1102, MATCH(F17, dénomination_ced!$C$1:$C$1102, 0)), "Non classifié")} -> Non classifié | I17: SOLID | J17: WEE2838957 | L17: non concerné | M17: non concerné | N17: non concerné | O17: non concerné | P17: non concerné | T17: Wienerberger | U17: Baumert | V17: Laura | W17: 06 12 33 76 40 | X17: laura.baumert@wienerberger.com | Z17: Bauvier | AA17: Carinne | AB17: 06 44 44 44 44 | AC17: carinne.bauvier@wienerberger.com | AE17: Fûts 200L | AF17: FUT | AH17: Fût acier 200L | AI17: 200L | AJ17: 1 | AK17: Propriétaire | AO17: non concerné | AP17: non concerné | BG17: Eska (Derichebourg) | BH17: 55 850 281 100 182 | BI17: 56 rue de Metz 57130 Jouy-Aux-Arches | BJ17: 2018-57-1098 | BL17: Camion | BM17: Luc | BN17: 05 44 44 44 44 | BO17: l.c@transpo.fr | BQ17: lechateau | BR17: Laurent | BS17: 09 09 09 09 09 | BT17: lefifi@lemail.fr | CG17: Derichebourg | CH17: 55 850 281 100 091 | CI17: 12 rue de la Minoterie 67000 Strasbourg | CK17: R4 | CL17: Recyclage | CN17: Lepoint | CO17: Martin | CP17: 87 56 76 87 98 | CQ17: lepoint@outlook.fr
A18: Usine Achenheim | B18: 54850098200044 | C18: 5 rue du Canal 67204 Achenheim | E18: Déchets Métalliques | F18: 17 04 07 | G18: (baraque chantier) | H18: {=IFERROR(INDEX(dénomination_ced!$C$2:$C$1102, MATCH(F18, dénomination_ced!$C$1:$C$1102, 0)), "Non classifié")} -> Non classifié | I18: SOLID | J18: WEE2838958 | L18: non concerné | M18: non concerné | N18: non concerné | O18: non concerné | P18: non concerné | T18: Wienerberger | U18: Baumert | V18: Laura | W18: 06 12 33 76 40 | X18: laura.baumert@wienerberger.com | Z18: Bauvier | AA18: Carinne | AB18: 06 44 44 44 44 | AC18: carinne.bauvier@wienerberger.com | AE18: Fûts 200L | AF18: FUT | AH18: Fût acier 200L | AI18: 200L | AJ18: 2 | AK18: Propriétaire | AO18: non concerné | AP18: non concerné | BG18: Transports Steinmetz | BH18: 32 561 507 800 020 | BI18: 12 rue de l'Artisanat 67 Niedermodern | BJ18: 1967071 | BL18: Camion | BM18: Luc | BN18: 05 44 44 44 44 | BO18: l.c@transpo.fr | BQ18: lechateau | BR18: Laurent | BS18: 09 09 09 09 09 | BT18: lefifi@lemail.fr | CG18: Eska Derichebourg | CH18: 55 850 281 100 091 | CI18: 4 route du Rohrschollen 67000 Strasbourg | CK18: R4 | CL18: Recyclage | CN18: Lepoint | CO18: Martin | CP18: 87 56 76 87 98 | CQ18: lepoint@outlook.fr
A19: Usine Achenheim | B19: 54850098200044 | C19: 5 rue du Canal 67204 Achenheim | E19: Autres Déchets Industriels | F19: 17 06 03* | H19: {=IFERROR(INDEX(dénomination_ced!$C$2:$C$1102, MATCH(F19, dénomination_ced!$C$1:$C$1102, 0)), "Non classifié")} -> Non classifié | I19: SOLID | J19: WEE2838959 | L19: UN 1776, acide chlorhydrique, 8, II, (E) | M19: 1776 | N19: acide chlorhydrique | O19: 7 | P19: II | T19: Wienerberger | U19: Baumert | V19: Laura | W19: 06 12 33 76 40 | X19: laura.baumert@wienerberger.com | Z19: Bauvier | AA19: Carinne | AB19: 06 44 44 44 44 | AC19: carinne.bauvier@wienerberger.com | AE19: Fûts 200L | AF19: FUT | AH19: Fût acier 200L | AI19: 200L | AJ19: 4 | AK19: Propriétaire | AO19: non concerné | AP19: non concerné | BG19: Kimmel Transports | BH19: 34782395700043 | BI19: 5 rue de la Logistique 67320 Thal-Drulingen | BJ19: 2022-57-1396 | BL19: Camion | BM19: Luc | BN19: 05 44 44 44 44 | BO19: l.c@transpo.fr | BQ19: lechateau | BR19: Laurent | BS19: 09 09 09 09 09 | BT19: lefifi@lemail.fr | CG19: Suez RR Iws Minerals France | CH19: 43331348300177 | CI19: 14 route de Moivrons 54114 Jeandelaincourt | CK19: D5 | CL19: Elimination (décharge) | CN19: Lepoint | CO19: Martin | CP19: 87 56 76 87 98 | CQ19: lepoint@outlook.fr
A20: Usine Achenheim | B20: 54850098200044 | C20: 5 rue du Canal 67204 Achenheim | E20: Autres Déchets Industriels | F20: 17 06 03* | H20: {=IFERROR(INDEX(dénomination_ced!$C$2:$C$1102, MATCH(F20, dénomination_ced!$C$1:$C$1102, 0)), "Non classifié")} -> Non classifié | I20: SOLID | J20: WEE2838960 | L20: UN 1776, acide chlorhydrique, 8, II, (E) | M20: 1776 | N20: acide chlorhydrique | O20: 7 | P20: II | T20: Wienerberger | U20: Baumert | V20: Laura | W20: 06 12 33 76 40 | X20: laura.baumert@wienerberger.com | Z20: Bauvier | AA20: Carinne | AB20: 06 44 44 44 44 | AC20: carinne.bauvier@wienerberger.com | AE20: Fûts 200L | AF20: FUT | AH20: Fût acier 200L | AI20: 200L | AJ20: 2 | AK20: Propriétaire | AO20: non concerné | AP20: non concerné | BG20: Chimirec Est | BH20: 39933934000016 | BI20: ZI La Haie Sorette 54450 Domjevin | BJ20: TR547592024 | BL20: Camion | BM20: Luc | BN20: 05 44 44 44 44 | BO20: l.c@transpo.fr | BQ20: lechateau | BR20: Laurent | BS20: 09 09 09 09 09 | BT20: lefifi@lemail.fr | BV20: Chimirec Est | BW20: ############# | BX20: ZI La Haie Sorette 54450 Domjevin | BZ20: D5 | CB20: Legrand | CC20: Marcel | CD20: 33 33 33 33 33 | CE20: legrand@marcel.fr | CG20: Autorisation par arrêté préfectoral, à une rupture de traçabilité pour ce déchet | CK20: D5 | CL20: Elimination (décharge) | CN20: Lepoint | CO20: Martin | CP20: 87 56 76 87 98 | CQ20: lepoint@outlook.fr
A21: Usine Achenheim | B21: 54850098200044 | C21: 5 rue du Canal 67204 Achenheim | E21: Emballages Souillés | F21: 15 01 02 | H21: {=IFERROR(INDEX(dénomination_ced!$C$2:$C$1102, MATCH(F21, dénomination_ced!$C$1:$C$1102, 0)), "Non classifié")} -> Non classifié | I21: SOLID | J21: WEE2838961 | L21: non concerné | M21: non concerné | N21: non concerné | O21: non concerné | P21: non concerné | T21: Wienerberger | U21: Baumert | V21: Laura | W21: 06 12 33 76 40 | X21: laura.baumert@wienerberger.com | Z21: Bauvier | AA21: Carinne | AB21: 06 44 44 44 44 | AC21: carinne.bauvier@wienerberger.com | AE21: Fûts 200L | AF21: FUT | AH21: Fût acier 200L | AI21: 200L | AJ21: 1 | AK21: Propriétaire | AO21: non concerné | AP21: non concerné | BG21: Schroll | BH21: 32 519 337 300 017 | BI21: 6 rue de Cherbourg 67100 Strasbourg | BJ21: 2067081 | BL21: Camion | BM21: Luc | BN21: 05 44 44 44 44 | BO21: l.c@transpo.fr | BQ21: lechateau | BR21: Laurent | BS21: 09 09 09 09 09 | BT21: lefifi@lemail.fr | CG21: Schroll | CH21: 32 519 337 300 017 | CI21: 6 rue de Cherbourg 67100 Strasbourg | CK21: R5 | CL21: Recyclage | CN21: Lepoint | CO21: Martin | CP21: 87 56 76 87 98 | CQ21: lepoint@outlook.fr
A22: Usine Achenheim | B22: 54850098200044 | C22: 5 rue du Canal 67204 Achenheim | E22: Huiles et Lubrifiants Usagés | F22: 13 02 08* | H22: {=IFERROR(INDEX(dénomination_ced!$C$2:$C$1102, MATCH(F22, dénomination_ced!$C$1:$C$1102, 0)), "Non classifié")} -> Non classifié | I22: LIQUID | J22: WEE2838962 | L22: UN 1326, acide chlorhydrique, 8, II, (E) | M22: 1326 | N22: acide chlorhydrique | O22: 7 | P22: II | T22: Wienerberger | U22: Baumert | V22: Laura | W22: 06 12 33 76 40 | X22: laura.baumert@wienerberger.com | Z22: Bauvier | AA22: Carinne | AB22: 06 44 44 44 44 | AC22: carinne.bauvier@wienerberger.com | AE22: GRV | AF22: GRV | AH22: Grand Récipient Pour Vrac | AI22: 1000L | AJ22: 1 | AK22: Propriétaire | AO22: non concerné | AP22: non concerné | BG22: Chimirec Est | BH22: 39933934000016 | BI22: ZI La Haie Sorette 54450 Domjevin | BJ22: TR545642019 | BL22: Camion | BM22: Luc | BN22: 05 44 44 44 44 | BO22: l.c@transpo.fr | BQ22: lechateau | BR22: Laurent | BS22: 09 09 09 09 09 | BT22: lefifi@lemail.fr | BV22: Chimirec Est | BW22: ############# | BX22: ZI La Haie Sorette 54450 Domjevin | BZ22: R12 | CB22: Legrand | CC22: Marcel | CD22: 33 33 33 33 33 | CE22: legrand@marcel.fr | CG22: Autorisation par arrêté préfectoral, à une rupture de traçabilité pour ce déchet | CH22: DE814574464 | CK22: R1 | CL22: Valorisation | CN22: Lepoint | CO22: Martin | CP22: 87 56 76 87 98 | CQ22: lepoint@outlook.fr
A23: Usine Achenheim | B23: 54850098200044 | C23: 5 rue du Canal 67204 Achenheim | E23: Autres Déchets Industriels | F23: 15 02 02* | H23: {=IFERROR(INDEX(dénomination_ced!$C$2:$C$1102, MATCH(F23, dénomination_ced!$C$1:$C$1102, 0)), "Non classifié")} -> Non classifié | I23: SOLID | J23: WEE2838963 | L23: UN 1776, acide chlorhydrique, 8, II, (E) | M23: 1776 | N23: acide chlorhydrique | O23: 7 | P23: II | T23: Wienerberger | U23: Baumert | V23: Laura | W23: 06 12 33 76 40 | X23: laura.baumert@wienerberger.com | Z23: Bauvier | AA23: Carinne | AB23: 06 44 44 44 44 | AC23: carinne.bauvier@wienerberger.com | AE23: GRV | AF23: GRV | AH23: Grand Récipient Pour Vrac | AI23: 1000L | AJ23: 1 | AK23: Propriétaire | AO23: non concerné | AP23: non concerné | BG23: Chimirec Est | BH23: 39933934000016 | BI23: ZI La Haie Sorette 54450 Domjevin | BJ23: TR547592024 | BL23: Camion | BM23: Luc | BN23: 05 44 44 44 44 | BO23: l.c@transpo.fr | BQ23: lechateau | BR23: Laurent | BS23: 09 09 09 09 09 | BT23: lefifi@lemail.fr | BV23: Chimirec Est | BW23: ############# | BX23: ZI La Haie Sorette 54450 Domjevin | BZ23: R12 | CB23: Legrand | CC23: Marcel | CD23: 33 33 33 33 33 | CE23: legrand@marcel.fr | CG23: Autorisation par arrêté préfectoral, à une rupture de traçabilité pour ce déchet | CK23: R1 | CL23: Valorisation | CN23: Lepoint | CO23: Martin | CP23: 87 56 76 87 98 | CQ23: lepoint@outlook.fr
A24: Usine Achenheim | B24: 54850098200044 | C24: 5 rue du Canal 67204 Achenheim | E24: Autres Déchets Industriels | F24: 08 01 11* | G24: Matières apparentées aux peintures | H24: {=IFERROR(INDEX(dénomination_ced!$C$2:$C$1102, MATCH(F24, dénomination_ced!$C$1:$C$1102, 0)), "Non classifié")} -> Non classifié | I24: LIQUID | J24: WEE2838964 | L24: UN 1776, acide chlorhydrique, 8, II, (E) | M24: 1776 | N24: acide chlorhydrique | O24: 7 | P24: II | T24: Wienerberger | U24: Baumert | V24: Laura | W24: 06 12 33 76 40 | X24: laura.baumert@wienerberger.com | Z24: Bauvier | AA24: Carinne | AB24: 06 44 44 44 44 | AC24: carinne.bauvier@wienerberger.com | AE24: Benne 5m3 | AF24: BENNE | AH24: Benne ouverte haute acier 5m3 | AI24: 5m3 | AJ24: 1 | AK24: Propriétaire | AO24: non concerné | AP24: non concerné | BG24: Chimirec Est | BH24: 39933934000016 | BI24: ZI La Haie Sorette 54450 Domjevin | BJ24: TR547592024 | BL24: Camion | BM24: Luc | BN24: 05 44 44 44 44 | BO24: l.c@transpo.fr | BQ24: lechateau | BR24: Laurent | BS24: 09 09 09 09 09 | BT24: lefifi@lemail.fr | BV24: Chimirec Est | BW24: ############# | BX24: ZI La Haie Sorette 54450 Domjevin | BZ24: R12 | CB24: Legrand | CC24: Marcel | CD24: 33 33 33 33 33 | CE24: legrand@marcel.fr | CG24: Autorisation par arrêté préfectoral, à une rupture de traçabilité pour ce déchet | CK24: R12 | CL24: Recyclage | CN24: Lepoint | CO24: Martin | CP24: 87 56 76 87 98 | CQ24: lepoint@outlook.fr
A25: Usine Achenheim | B25: 54850098200044 | C25: 5 rue du Canal 67204 Achenheim | E25: Déchets Technologiques et Électroniques | F25: 16 06 03* | H25: {=IFERROR(INDEX(dénomination_ced!$C$2:$C$1102, MATCH(F25, dénomination_ced!$C$1:$C$1102, 0)), "Non classifié")} -> Non classifié | I25: SOLID | J25: WEE2838965 | L25: UN 1776, acide chlorhydrique, 8, II, (E) | M25: 1776 | N25: acide chlorhydrique | O25: 7 | P25: II | T25: Wienerberger | U25: Baumert | V25: Laura | W25: 06 12 33 76 40 | X25: laura.baumert@wienerberger.com | Z25: Bauvier | AA25: Carinne | AB25: 06 44 44 44 44 | AC25: carinne.bauvier@wienerberger.com | AE25: Benne 5m3 | AF25: BENNE | AH25: Benne ouverte haute acier 5m3 | AI25: 5m3 | AJ25: 1 | AK25: Location | AL25: Veolia | AM25: 4534434536433453 | AO25: non concerné | AP25: non concerné | BG25: Chimirec Est | BH25: 39933934000016 | BI25: ZI La Haie Sorette 54450 Domjevin | BJ25: TR547592024 | BL25: Camion | BM25: Luc | BN25: 05 44 44 44 44 | BO25: l.c@transpo.fr | BQ25: lechateau | BR25: Laurent | BS25: 09 09 09 09 09 | BT25: lefifi@lemail.fr | BV25: Chimirec Est | BW25: ############# | BX25: ZI La Haie Sorette 54450 Domjevin | BZ25: R12 | CB25: Legrand | CC25: Marcel | CD25: 33 33 33 33 33 | CE25: legrand@marcel.fr | CG25: Autorisation par arrêté préfectoral, à une rupture de traçabilité pour ce déchet | CK25: R4 | CL25: Recyclage | CN25: Lepoint | CO25: Martin | CP25: 87 56 76 87 98 | CQ25: lepoint@outlook.fr
A26: Usine Achenheim | B26: 54850098200044 | C26: 5 rue du Canal 67204 Achenheim | E26: Non classifié | F26: 17 04 05 | H26: {=IFERROR(INDEX(dénomination_ced!$C$2:$C$1102, MATCH(F26, dénomination_ced!$C$1:$C$1102, 0)), "Non classifié")} -> Non classifié | I26: SOLID | J26: WEE2838966 | L26: non concerné | M26: non concerné | N26: non concerné | O26: non concerné | P26: non concerné | T26: Wienerberger | U26: Baumert | V26: Laura | W26: 06 12 33 76 40 | X26: laura.baumert@wienerberger.com | Z26: Bauvier | AA26: Carinne | AB26: 06 44 44 44 44 | AC26: carinne.bauvier@wienerberger.com | AE26: Benne 5m3 | AF26: BENNE | AH26: Benne ouverte haute acier 5m3 | AI26: 5m3 | AJ26: 1 | AK26: Location | AL26: Veolia | AM26: 4534434536433453 | AO26: non concerné | AP26: non concerné | BG26: Eska (Derichebourg) | BH26: 55 850 281 100 182 | BI26: 56 rue de Metz 57130 Jouy-Aux-Arches | BJ26: 2018-57-1098 | BL26: Camion | BM26: Luc | BN26: 05 44 44 44 44 | BO26: l.c@transpo.fr | BQ26: lechateau | BR26: Laurent | BS26: 09 09 09 09 09 | BT26: lefifi@lemail.fr | CG26: Derichebourg | CH26: 55 850 281 100 091 | CI26: 12 rue de la Minoterie 67000 Strasbourg | CK26: R4 | CL26: Recyclage | CN26: Lepoint | CO26: Martin | CP26: 87 56 76 87 98 | CQ26: lepoint@outlook.fr
A27: Usine Achenheim | B27: 54850098200044 | C27: 5 rue du Canal 67204 Achenheim | E27: Déchets Bâtiment et Construction | F27: 39733 | G27: (après cuisson) | H27: {=IFERROR(INDEX(dénomination_ced!$C$2:$C$1102, MATCH(F27, dénomination_ced!$C$1:$C$1102, 0)), "Non classifié")} -> Non classifié | I27: SOLID | J27: WEE2838967 | L27: non concerné | M27: non concerné | N27: non concerné | O27: non concerné | P27: non concerné | T27: Wienerberger | U27: Baumert | V27: Laura | W27: 06 12 33 76 40 | X27: laura.baumert@wienerberger.com | Z27: Bauvier | AA27: Carinne | AB27: 06 44 44 44 44 | AC27: carinne.bauvier@wienerberger.com | AE27: Benne 5m3 | AF27: BENNE | AH27: Benne ouverte haute acier 5m3 | AI27: 5m3 | AJ27: 1 | AK27: Location | AL27: Veolia | AM27: 4534434536433453 | AO27: non concerné | AP27: non concerné | BG27: Corthum Nordschwarzwald GmbH | BH27: DE292008034 (n° TVA intracommunautaire) | BI27: Im Schwarzenbusch 8 D-76359 Marxzell - Pfaffenrot | BL27: Camion | BM27: Luc | BN27: 05 44 44 44 44 | BO27: l.c@transpo.fr | BQ27: lechateau | BR27: Laurent | BS27: 09 09 09 09 09 | BT27: lefifi@lemail.fr | BV27: Corthum Nordschwarzwald GmbH | BW27: DE292008034 (n° TVA intracommunautaire) | BX27: Im Schwarzenbusch 8 D-76359 Marxzell - Pfaffenrot | BZ27: R13 | CB27: Legrand | CC27: Marcel | CD27: 33 33 33 33 33 | CE27: legrand@marcel.fr | CG27: Corthum Nordschwarzwald GmbH | CH27: DE292008034 (n° TVA intracommunautaire) | CI27: Im Schwarzenbusch 8 D-76359 Marxzell - Pfaffenrot | CK27: R5 | CL27: Valorisation | CN27: Lepoint | CO27: Martin | CP27: 87 56 76 87 98 | CQ27: lepoint@outlook.fr
A28: Usine Achenheim | B28: 54850098200044 | C28: 5 rue du Canal 67204 Achenheim | E28: Déchets Bâtiment et Construction | F28: 39733 | G28: (après cuisson) | H28: {=IFERROR(INDEX(dénomination_ced!$C$2:$C$1102, MATCH(F28, dénomination_ced!$C$1:$C$1102, 0)), "Non classifié")} -> Non classifié | I28: SOLID | J28: WEE2838968 | L28: non concerné | M28: non concerné | N28: non concerné | O28: non concerné | P28: non concerné | T28: Wienerberger | U28: Baumert | V28: Laura | W28: 06 12 33 76 40 | X28: laura.baumert@wienerberger.com | Z28: Bauvier | AA28: Carinne | AB28: 06 44 44 44 44 | AC28: carinne.bauvier@wienerberger.com | AE28: Benne 5m3 | AF28: BENNE | AH28: Benne ouverte haute acier 5m3 | AI28: 5m3 | AJ28: 1 | AK28: Location | AL28: Veolia | AM28: 4534434536433453 | AO28: non concerné | AP28: non concerné | BG28: Corthum Nordschwarzwald GmbH | BH28: DE292008034 (n° TVA intracommunautaire) | BI28: Im Schwarzenbusch 8 D-76359 Marxzell - Pfaffenrot | BL28: Camion | BM28: Luc | BN28: 05 44 44 44 44 | BO28: l.c@transpo.fr | BQ28: lechateau | BR28: Laurent | BS28: 09 09 09 09 09 | BT28: lefifi@lemail.fr | BV28: Corthum Breisgau GmbH | BW28: DE292008034 (n° TVA intracommunautaire) | BX28: Breisgauallee 24, D-79336 Herbolzheim | BZ28: R13 | CB28: Legrand | CC28: Marcel | CD28: 33 33 33 33 33 | CE28: legrand@marcel.fr | CG28: Corthum Breisgau GmbH | CH28: DE292008034 (n° TVA intracommunautaire) | CI28: Breisgauallee 24, D-79336 Herbolzheim | CK28: R5 | CL28: Valorisation | CN28: Lepoint | CO28: Martin | CP28: 87 56 76 87 98 | CQ28: lepoint@outlook.fr
A29: Usine Achenheim | B29: 54850098200044 | C29: 5 rue du Canal 67204 Achenheim | E29: Non classifié | F29: 16 05 07* | G29: (DDQD spéciaux) | H29: {=IFERROR(INDEX(dénomination_ced!$C$2:$C$1102, MATCH(F29, dénomination_ced!$C$1:$C$1102, 0)), "Non classifié")} -> Non classifié | I29: SOLID | J29: WEE2838969 | L29: UN 1776, acide chlorhydrique, 8, II, (E) | M29: 1776 | N29: acide chlorhydrique | O29: 7 | P29: II | T29: Wienerberger | U29: Baumert | V29: Laura | W29: 06 12 33 76 40 | X29: laura.baumert@wienerberger.com | Z29: Bauvier | AA29: Carinne | AB29: 06 44 44 44 44 | AC29: carinne.bauvier@wienerberger.com | AE29: Benne 5m3 | AF29: BENNE | AH29: Benne ouverte haute acier 5m3 | AI29: 5m3 | AJ29: 1 | AK29: Location | AL29: Veolia | AM29: 4534434536433453 | AO29: non concerné | AP29: non concerné | BG29: Chimirec Est | BH29: 39933934000016 | BI29: ZI La Haie Sorette 54450 Domjevin | BJ29: TR547592024 | BL29: Camion | BM29: Luc | BN29: 05 44 44 44 44 | BO29: l.c@transpo.fr | BQ29: lechateau | BR29: Laurent | BS29: 09 09 09 09 09 | BT29: lefifi@lemail.fr | BV29: Chimirec Est | BW29: ############# | BX29: ZI La Haie Sorette 54450 Domjevin | BZ29: D13 | CB29: Legrand | CC29: Marcel | CD29: 33 33 33 33 33 | CE29: legrand@marcel.fr | CG29: Autorisation par arrêté préfectoral, à une rupture de traçabilité pour ce déchet | CK29: D9 | CL29: Elimination | CN29: Lepoint | CO29: Martin | CP29: 87 56 76 87 98 | CQ29: lepoint@outlook.fr
A30: Usine Achenheim | B30: 54850098200044 | C30: 5 rue du Canal 67204 Achenheim | E30: Autres Déchets Industriels | F30: 37176 | G30: (avant cuisson) | H30: {=IFERROR(INDEX(dénomination_ced!$C$2:$C$1102, MATCH(F30, dénomination_ced!$C$1:$C$1102, 0)), "Non classifié")} -> Non classifié | I30: SOLID | J30: WEE2838970 | L30: non concerné | M30: non concerné | N30: non concerné | O30: non concerné | P30: non concerné | T30: Wienerberger | U30: Baumert | V30: Laura | W30: 06 12 33 76 40 | X30: laura.baumert@wienerberger.com | Z30: Bauvier | AA30: Carinne | AB30: 06 44 44 44 44 | AC30: carinne.bauvier@wienerberger.com | AE30: Benne 5m3 | AF30: BENNE | AH30: Benne ouverte haute acier 5m3 | AI30: 5m3 | AJ30: 1 | AK30: Location | AL30: Veolia | AM30: 4534434536433453 | AO30: non concerné | AP30: non concerné | BG30: SAS Eta Sattler Materne et Fils | BH30: 42196220000018 | BI30: 82 rue du Moulin 67520 Kirchheim | BL30: Camion | BM30: Luc | BN30: 05 44 44 44 44 | BO30: l.c@transpo.fr | BQ30: lechateau | BR30: Laurent | BS30: 09 09 09 09 09 | BT30: lefifi@lemail.fr | BV30: Carrière Wienerberger | BX30: Lieu-dit « Bossenroth » 67204 Achenheim | CB30: Legrand | CC30: Marcel | CD30: 33 33 33 33 33 | CE30: legrand@marcel.fr | CG30: Carrière Wienerberger | CI30: Lieu-dit « Bossenroth » 67204 Achenheim | CN30: Lepoint | CO30: Martin | CP30: 87 56 76 87 98 | CQ30: lepoint@outlook.fr
A31: Usine Achenheim | B31: 54850098200044 | C31: 5 rue du Canal 67204 Achenheim | E31: Déchets Bâtiment et Construction | F31: 19 10 04 | G31: Résidus de broyage et poussières | H31: {=IFERROR(INDEX(dénomination_ced!$C$2:$C$1102, MATCH(F31, dénomination_ced!$C$1:$C$1102, 0)), "Non classifié")} -> Non classifié | I31: SOLID | J31: WEE2838971 | L31: non concerné | M31: non concerné | N31: non concerné | O31: non concerné | P31: non concerné | T31: Wienerberger | U31: Baumert | V31: Laura | W31: 06 12 33 76 40 | X31: laura.baumert@wienerberger.com | Z31: Bauvier | AA31: Carinne | AB31: 06 44 44 44 44 | AC31: carinne.bauvier@wienerberger.com | AE31: Benne 15m3 | AF31: BENNE | AH31: Benne double acier 15m3 | AI31: 15m3 | AJ31: 1 | AK31: Location | AL31: Veolia | AM31: 4534434536433453 | AO31: non concerné | AP31: non concerné | BG31: Eska (Derichebourg) | BH31: 55 850 281 100 182 | BI31: 56 rue de Metz 57130 Jouy-Aux-Arches | BJ31: 2018-57-1098 | BL31: Camion | BM31: Luc | BN31: 05 44 44 44 44 | BO31: l.c@transpo.fr | BQ31: lechateau | BR31: Laurent | BS31: 09 09 09 09 09 | BT31: lefifi@lemail.fr | CG31: Derichebourg | CH31: 55 850 281 100 091 | CI31: 12 rue de la Minoterie 67000 Strasbourg | CK31: R1/D1 | CL31: Valorisation énergétique / élimination | CN31: Lepoint | CO31: Martin | CP31: 87 56 76 87 98 | CQ31: lepoint@outlook.fr
A32: Usine Seltz | B32: 54850098200267 | C32: 25 rue de la Gare 67470 Seltz | E32: Aérosols et Gaz | F32: 16 05 04* | H32: {=IFERROR(INDEX(dénomination_ced!$C$2:$C$1102, MATCH(F32, dénomination_ced!$C$1:$C$1102, 0)), "Non classifié")} -> Non classifié | I32: GASEOUS | J32: WEE2838972 | L32: non concerné | M32: non concerné | N32: non concerné | O32: non concerné | P32: non concerné | T32: Wienerberger | U32: Baumert | V32: Laura | W32: 06 12 33 76 40 | X32: laura.baumert@wienerberger.com | Z32: Bauvier | AA32: Carinne | AB32: 06 44 44 44 44 | AC32: carinne.bauvier@wienerberger.com | AE32: Benne 15m3 | AF32: BENNE | AH32: Benne double acier 15m3 | AI32: 15m3 | AJ32: 1 | AK32: Location | AL32: Veolia | AM32: 4534434536433453 | AO32: non concerné | AP32: non concerné | BG32: Chimirec Est | BH32: 39 933 934 000 016 | BI32: ZI La Haie Sorette 54450 Domjevin | BJ32: TR547592024 | BL32: Camion | BM32: Luc | BN32: 05 44 44 44 44 | BO32: l.c@transpo.fr | BQ32: lechateau | BR32: Laurent | BS32: 09 09 09 09 09 | BT32: lefifi@lemail.fr | BV32: Chimirec Est | BW32: ############# | BX32: ZI La Haie Sorette 54450 Domjevin | BZ32: R12 | CB32: Legrand | CC32: Marcel | CD32: 33 33 33 33 33 | CE32: legrand@marcel.fr | CG32: Autorisation par arrêté préfectoral, à une rupture de traçabilité pour ce déchet | CK32: R4 | CL32: Recyclage | CN32: Lepoint | CO32: Martin | CP32: 87 56 76 87 98 | CQ32: lepoint@outlook.fr
A33: Usine Seltz | B33: 54850098200267 | C33: 25 rue de la Gare 67470 Seltz | E33: Déchets Métalliques | F33: 17 04 02 | H33: {=IFERROR(INDEX(dénomination_ced!$C$2:$C$1102, MATCH(F33, dénomination_ced!$C$1:$C$1102, 0)), "Non classifié")} -> Non classifié | I33: SOLID | J33: WEE2838973 | L33: non concerné | M33: non concerné | N33: non concerné | O33: non concerné | P33: non concerné | T33: Wienerberger | U33: Baumert | V33: Laura | W33: 06 12 33 76 40 | X33: laura.baumert@wienerberger.com | Z33: Bauvier | AA33: Carinne | AB33: 06 44 44 44 44 | AC33: carinne.bauvier@wienerberger.com | AE33: Benne 15m3 | AF33: BENNE | AH33: Benne double acier 15m3 | AI33: 15m3 | AJ33: 1 | AK33: Location | AL33: Veolia | AM33: 4534434536433453 | AO33: non concerné | AP33: non concerné | BG33: SAS Transenvironnement | BH33: 50 390 796 600 017 | BI33: La Guerre 14540 Castine En Plaine | BJ33: 2020/24 | BL33: Camion | BM33: Luc | BN33: 05 44 44 44 44 | BO33: l.c@transpo.fr | BQ33: lechateau | BR33: Laurent | BS33: 09 09 09 09 09 | BT33: lefifi@lemail.fr | BV33: ESKA Derichebourg | BW33: ############# | BX33: Rue de Riedseltz Altenstadt 67160 Wissembourg | BZ33: R13 | CB33: Legrand | CC33: Marcel | CD33: 33 33 33 33 33 | CE33: legrand@marcel.fr | CG33: ESKA Derichebourg | CH33: 65 382 053 001 073 | CI33: Rue de Riedseltz Altenstadt 67160 Wissembourg | CK33: R4 | CL33: Recyclage | CN33: Lepoint | CO33: Martin | CP33: 87 56 76 87 98 | CQ33: lepoint@outlook.fr
A34: Usine Seltz | B34: 54850098200267 | C34: 25 rue de la Gare 67470 Seltz | E34: Déchets de Bois et Papier | F34: 15 01 03 | H34: {=IFERROR(INDEX(dénomination_ced!$C$2:$C$1102, MATCH(F34, dénomination_ced!$C$1:$C$1102, 0)), "Non classifié")} -> Non classifié | I34: SOLID | J34: WEE2838974 | L34: non concerné | M34: non concerné | N34: non concerné | O34: non concerné | P34: non concerné | T34: Wienerberger | U34: Baumert | V34: Laura | W34: 06 12 33 76 40 | X34: laura.baumert@wienerberger.com | Z34: Bauvier | AA34: Carinne | AB34: 06 44 44 44 44 | AC34: carinne.bauvier@wienerberger.com | AE34: Benne 15m3 | AF34: BENNE | AH34: Benne double acier 15m3 | AI34: 15m3 | AJ34: 1 | AK34: Location | AL34: Veolia | AM34: 4534434536433453 | AO34: non concerné | AP34: non concerné | BG34: SUEZ RV Nord Est | BH34: 50 472 678 700 030 | BI34: 13 Route de Rohrshollen 67100 Strasbourg | BJ34: 2167061 | BL34: Camion | BM34: Luc | BN34: 05 44 44 44 44 | BO34: l.c@transpo.fr | BQ34: lechateau | BR34: Laurent | BS34: 09 09 09 09 09 | BT34: lefifi@lemail.fr | CG34: Sardi | CH34: 35 238 105 700 038 | CI34: Rue des Frères Lumières 67170 Brumath | CK34: R5 | CL34: Recyclage | CN34: Lepoint | CO34: Martin | CP34: 87 56 76 87 98 | CQ34: lepoint@outlook.fr
A35: Usine Seltz | B35: 54850098200267 | C35: 25 rue de la Gare 67470 Seltz | E35: Déchets de Bois et Papier | F35: 15 01 03 | H35: {=IFERROR(INDEX(dénomination_ced!$C$2:$C$1102, MATCH(F35, dénomination_ced!$C$1:$C$1102, 0)), "Non classifié")} -> Non classifié | I35: SOLID | J35: WEE2838975 | L35: non concerné | M35: non concerné | N35: non concerné | O35: non concerné | P35: non concerné | T35: Wienerberger | U35: Baumert | V35: Laura | W35: 06 12 33 76 40 | X35: laura.baumert@wienerberger.com | Z35: Bauvier | AA35: Carinne | AB35: 06 44 44 44 44 | AC35: carinne.bauvier@wienerberger.com | AE35: Benne 15m3 | AF35: BENNE | AH35: Benne double acier 15m3 | AI35: 15m3 | AJ35: 1 | AK35: Location | AL35: Veolia | AM35: 4534434536433453 | AO35: non concerné | AP35: non concerné | BG35: SUEZ RV Nord Est | BH35: 50 472 678 700 030 | BI35: 13 Route de Rohrshollen 67100 Strasbourg | BJ35: 2167061 | BL35: Camion | BM35: Luc | BN35: 05 44 44 44 44 | BO35: l.c@transpo.fr | BQ35: lechateau | BR35: Laurent | BS35: 09 09 09 09 09 | BT35: lefifi@lemail.fr | BV35: EDIB | BW35: ############# | BX35: Quai du Canal 67270 Hochfelden | BZ35: R12 | CB35: Legrand | CC35: Marcel | CD35: 33 33 33 33 33 | CE35: legrand@marcel.fr | CG35: EDIB | CH35: 30 223 694 800 030 | CI35: Quai du Canal 67270 Hochfelden | CK35: R5 | CL35: Recyclage | CN35: Lepoint | CO35: Martin | CP35: 87 56 76 87 98 | CQ35: lepoint@outlook.fr
A36: Usine Seltz | B36: 54850098200267 | C36: 25 rue de la Gare 67470 Seltz | E36: Déchets Plastiques | F36: 15 01 02 | H36: {=IFERROR(INDEX(dénomination_ced!$C$2:$C$1102, MATCH(F36, dénomination_ced!$C$1:$C$1102, 0)), "Non classifié")} -> Non classifié | I36: SOLID | J36: WEE2838976 | L36: non concerné | M36: non concerné | N36: non concerné | O36: non concerné | P36: non concerné | R36: 5 rue des fous 65500 Lille | T36: Wienerberger | U36: Baumert | V36: Laura | W36: 06 12 33 76 40 | X36: laura.baumert@wienerberger.com | Z36: Bauvier | AA36: Carinne | AB36: 06 44 44 44 44 | AC36: carinne.bauvier@wienerberger.com | AE36: Benne 15m3 | AF36: BENNE | AH36: Benne double acier 15m3 | AI36: 15m3 | AJ36: 1 | AK36: Location | AL36: Veolia | AM36: 4534434536433453 | AO36: non concerné | AP36: non concerné | BG36: Savoir et Compétences emploi/ELISE | BH36: 47 897 787 900 012 | BI36: 5 Rue Denis Papin 67400 ILLKIRCH | BJ36: 1967066 | BL36: Camion | BM36: Luc | BN36: 05 44 44 44 44 | BO36: l.c@transpo.fr | BQ36: lechateau | BR36: Laurent | BS36: 09 09 09 09 09 | BT36: lefifi@lemail.fr | BV36: Savoir et Compétences emploi/ELISE | BW36: ############# | BX36: 5 Rue Denis Papin 67400 ILLKIRCH | BZ36: R13 | CB36: Legrand | CC36: Marcel | CD36: 33 33 33 33 33 | CE36: legrand@marcel.fr | CG36: VEOLIA | CH36: 30 321 551 100 161 | CI36: ZI Sandrgube 67560 ROSHEIM | CK36: R3 | CL36: Recyclage | CN36: Lepoint | CO36: Martin | CP36: 87 56 76 87 98 | CQ36: lepoint@outlook.fr
A37: Usine Seltz | B37: 54850098200267 | C37: 25 rue de la Gare 67470 Seltz | E37: Déchets Métalliques | F37: 17 04 01 | H37: {=IFERROR(INDEX(dénomination_ced!$C$2:$C$1102, MATCH(F37, dénomination_ced!$C$1:$C$1102, 0)), "Non classifié")} -> Non classifié | I37: SOLID | J37: WEE2838977 | L37: non concerné | M37: non concerné | N37: non concerné | O37: non concerné | P37: non concerné | R37: 5 rue des fous 65500 Lille | T37: Wienerberger | U37: Baumert | V37: Laura | W37: 06 12 33 76 40 | X37: laura.baumert@wienerberger.com | Z37: Bauvier | AA37: Carinne | AB37: 06 44 44 44 44 | AC37: carinne.bauvier@wienerberger.com | AE37: Benne 15m3 | AF37: BENNE | AH37: Benne double acier 15m3 | AI37: 15m3 | AJ37: 1 | AK37: Location | AL37: Veolia | AM37: 4534434536433453 | AO37: non concerné | AP37: non concerné | BG37: SAS Transenvironnement | BH37: 50 390 796 600 017 | BI37: La Guerre 14540 Castine En Plaine | BJ37: 2020/24 | BL37: Camion | BM37: Luc | BN37: 05 44 44 44 44 | BO37: l.c@transpo.fr | BQ37: lechateau | BR37: Laurent | BS37: 09 09 09 09 09 | BT37: lefifi@lemail.fr | BV37: ESKA Derichebourg | BW37: ############# | BX37: Rue de Riedseltz Altenstadt 67160 Wissembourg | BZ37: R13 | CB37: Legrand | CC37: Marcel | CD37: 33 33 33 33 33 | CE37: legrand@marcel.fr | CG37: ESKA Derichebourg | CH37: 65 382 053 001 073 | CI37: Rue de Riedseltz Altenstadt 67160 Wissembourg | CK37: R4 | CL37: Recyclage | CN37: Lepoint | CO37: Martin | CP37: 87 56 76 87 98 | CQ37: lepoint@outlook.fr
A38: Usine Seltz | B38: 54850098200267 | C38: 25 rue de la Gare 67470 Seltz | E38: Déchets Métalliques | F38: 15 01 04 | H38: {=IFERROR(INDEX(dénomination_ced!$C$2:$C$1102, MATCH(F38, dénomination_ced!$C$1:$C$1102, 0)), "Non classifié")} -> Non classifié | I38: SOLID | J38: WEE2838978 | L38: non concerné | M38: non concerné | N38: non concerné | O38: non concerné | P38: non concerné | R38: 5 rue des fous 65500 Lille | T38: Wienerberger | U38: Baumert | V38: Laura | W38: 06 12 33 76 40 | X38: laura.baumert@wienerberger.com | Z38: Bauvier | AA38: Carinne | AB38: 06 44 44 44 44 | AC38: carinne.bauvier@wienerberger.com | AE38: Benne 15m3 | AF38: BENNE | AH38: Benne double acier 15m3 | AI38: 15m3 | AJ38: 1 | AK38: Propriétaire | AO38: non concerné | AP38: non concerné | BG38: Savoir et Compétences emploi/ELISE | BH38: 47 897 787 900 012 | BI38: 5 Rue Denis Papin 67400 ILLKIRCH | BJ38: 1967066 | BL38: Camion | BM38: Luc | BN38: 05 44 44 44 44 | BO38: l.c@transpo.fr | BQ38: lechateau | BR38: Laurent | BS38: 09 09 09 09 09 | BT38: lefifi@lemail.fr | BV38: Savoir et Compétences emploi/ELISE | BW38: ############# | BX38: 5 Rue Denis Papin 67400 ILLKIRCH | BZ38: R13 | CB38: Legrand | CC38: Marcel | CD38: 33 33 33 33 33 | CE38: legrand@marcel.fr | CG38: VEOLIA | CH38: 30 321 551 100 161 | CI38: ZI Sandrgube 67560 ROSHEIM | CK38: R4 | CL38: Recyclage | CN38: Lepoint | CO38: Martin | CP38: 87 56 76 87 98 | CQ38: lepoint@outlook.fr
A39: Usine Seltz | B39: 54850098200267 | C39: 25 rue de la Gare 67470 Seltz | E39: Non classifié | F39: 36375 | H39: {=IFERROR(INDEX(dénomination_ced!$C$2:$C$1102, MATCH(F39, dénomination_ced!$C$1:$C$1102, 0)), "Non classifié")} -> Non classifié | I39: SOLID | J39: WEE2838979 | L39: non concerné | M39: non concerné | N39: non concerné | O39: non concerné | P39: non concerné | R39: 5 rue des fous 65500 Lille | T39: Wienerberger | U39: Baumert | V39: Laura | W39: 06 12 33 76 40 | X39: laura.baumert@wienerberger.com | Z39: Bauvier | AA39: Carinne | AB39: 06 44 44 44 44 | AC39: carinne.bauvier@wienerberger.com | AE39: Benne 15m3 | AF39: BENNE | AH39: Benne double acier 15m3 | AI39: 15m3 | AJ39: 1 | AK39: Propriétaire | AO39: non concerné | AP39: non concerné | BG39: Lyreco France | BH39: 57 172 266 900 355 | BI39: 9 rue de Bayonne 67100 Strasbourg | BJ39: 2020/CTD/026 | BL39: Camion | BM39: Luc | BN39: 05 44 44 44 44 | BO39: l.c@transpo.fr | BQ39: lechateau | BR39: Laurent | BS39: 09 09 09 09 09 | BT39: lefifi@lemail.fr | BV39: Lyreco France | BW39: ############# | BX39: Route de la Plaine 71660 Digoin | BZ39: R13 | CB39: Legrand | CC39: Marcel | CD39: 33 33 33 33 33 | CE39: legrand@marcel.fr | CG39: Les ateliers du bocage | CH39: 38 525 318 200 013 | CI39: La Boujalière 79140 Le Pin | CK39: R12/R5 | CL39: Recyclage | CN39: Lepoint | CO39: Martin | CP39: 87 56 76 87 98 | CQ39: lepoint@outlook.fr
A40: Usine Seltz | B40: 54850098200267 | C40: 25 rue de la Gare 67470 Seltz | E40: Déchets Bâtiment et Construction | F40: 39733 | H40: {=IFERROR(INDEX(dénomination_ced!$C$2:$C$1102, MATCH(F40, dénomination_ced!$C$1:$C$1102, 0)), "Non classifié")} -> Non classifié | I40: SOLID | J40: WEE2838980 | L40: non concerné | M40: non concerné | N40: non concerné | O40: non concerné | P40: non concerné | R40: 5 rue des fous 65500 Lille | T40: Wienerberger | U40: Baumert | V40: Laura | W40: 06 12 33 76 40 | X40: laura.baumert@wienerberger.com | Z40: Bauvier | AA40: Carinne | AB40: 06 44 44 44 44 | AC40: carinne.bauvier@wienerberger.com | AE40: Benne 15m3 | AF40: BENNE | AH40: Benne double acier 15m3 | AI40: 15m3 | AJ40: 1 | AK40: Propriétaire | AO40: non concerné | AP40: non concerné | BG40: Flösch Transporte | BI40: Bahnhofsrtasse 18 D-79268 Bötzingen | BJ40: non soumis | BL40: Camion | BM40: Luc | BN40: 05 44 44 44 44 | BO40: l.c@transpo.fr | BQ40: lechateau | BR40: Laurent | BS40: 09 09 09 09 09 | BT40: lefifi@lemail.fr | CG40: Hans G. Hauri KG | CH40: Ust-ID-Nr: DE274659366 | CI40: Bergstraße 114 D - 79268 Bötzingen | CK40: R5 | CL40: Recyclage | CN40: Lepoint | CO40: Martin | CP40: 87 56 76 87 98 | CQ40: lepoint@outlook.fr
A41: Usine Seltz | B41: 54850098200267 | C41: 25 rue de la Gare 67470 Seltz | E41: Déchets Bâtiment et Construction | F41: 39733 | H41: {=IFERROR(INDEX(dénomination_ced!$C$2:$C$1102, MATCH(F41, dénomination_ced!$C$1:$C$1102, 0)), "Non classifié")} -> Non classifié | I41: SOLID | J41: WEE2838981 | L41: non concerné | M41: non concerné | N41: non concerné | O41: non concerné | P41: non concerné | T41: Wienerberger | U41: Baumert | V41: Laura | W41: 06 12 33 76 40 | X41: laura.baumert@wienerberger.com | Z41: Bauvier | AA41: Carinne | AB41: 06 44 44 44 44 | AC41: carinne.bauvier@wienerberger.com | AE41: GRV | AF41: GRV | AH41: Grand Récipient Pour Vrac | AI41: 1000L | AJ41: 1 | AK41: Propriétaire | AO41: non concerné | AP41: non concerné | BG41: Gunther Lehnhardt Transporte | BH41: DE226510046 | BI41: Im Leierhans 31 D-64404 Bickenbach | BJ41: non soumis | BL41: Camion | BM41: Luc | BN41: 05 44 44 44 44 | BO41: l.c@transpo.fr | BQ41: lechateau | BR41: Laurent | BS41: 09 09 09 09 09 | BT41: lefifi@lemail.fr | CG41: Tennis Klenert Ziegelmühle Karlsruhe | CI41: Am Baufeld 9 D-76149 Karlsruhe | CK41: R5 | CL41: Recyclage | CN41: Lepoint | CO41: Martin | CP41: 87 56 76 87 98 | CQ41: lepoint@outlook.fr
A42: Usine Seltz | B42: 54850098200267 | C42: 25 rue de la Gare 67470 Seltz | E42: Déchets Bâtiment et Construction | F42: 39733 | H42: denomination_ced | I42: SOLID | J42: WEE2838982 | L42: non concerné | M42: non concerné | N42: non concerné | O42: non concerné | P42: non concerné | T42: Wienerberger | U42: Baumert | V42: Laura | W42: 06 12 33 76 40 | X42: laura.baumert@wienerberger.com | Z42: Bauvier | AA42: Carinne | AB42: 06 44 44 44 44 | AC42: carinne.bauvier@wienerberger.com | AE42: GRV | AF42: GRV | AH42: Grand Récipient Pour Vrac | AI42: 1000L | AJ42: 1 | AK42: Propriétaire | AO42: non concerné | AP42: non concerné | BG42: Gunther Lehnhardt Transporte | BH42: DE226510046 | BI42: Im Leierhans 31 D-64404 Bickenbach | BJ42: non soumis | BL42: Camion | BM42: Luc | BN42: 05 44 44 44 44 | BO42: l.c@transpo.fr | BQ42: lechateau | BR42: Laurent | BS42: 09 09 09 09 09 | BT42: lefifi@lemail.fr | CG42: Tennis Nohe | CI42: Carl-Boschstr.13 D-68799 Reilingen | CK42: R5 | CL42: Recyclage | CN42: Lepoint | CO42: Martin | CP42: 87 56 76 87 98 | CQ42: lepoint@outlook.fr
A43: Usine Seltz | B43: 54850098200267 | C43: 25 rue de la Gare 67470 Seltz | E43: Déchets Bâtiment et Construction | F43: 16 11 06 | H43: denomination_ced | I43: SOLID | J43: WEE2838983 | L43: UN 1776, acide chlorhydrique, 8, II, (E) | M43: 1776 | N43: acide chlorhydrique | O43: 7 | P43: II | T43: Wienerberger | U43: Baumert | V43: Laura | W43: 06 12 33 76 40 | X43: laura.baumert@wienerberger.com | Z43: Bauvier | AA43: Carinne | AB43: 06 44 44 44 44 | AC43: carinne.bauvier@wienerberger.com | AE43: Fûts 200L | AF43: FUT | AH43: Fût acier 200L | AI43: 200L | AJ43: 5 | AK43: Propriétaire | AO43: non concerné | AP43: non concerné | BG43: Walter Ott Rohstoff-Recycling GmbH | BH43: FR02548500982 | BI43: Schuckerstrasse 24 D-71277 Rutesheim | BJ43: non soumis | BL43: Camion | BM43: Luc | BN43: 05 44 44 44 44 | BO43: l.c@transpo.fr | BQ43: lechateau | BR43: Laurent | BS43: 09 09 09 09 09 | BT43: lefifi@lemail.fr | CG43: Walter Ott Rohstoff-Recycling GmbH | CH43: FR02548500982 | CI43: Schuckerstrasse 24 D-71277 Rutesheim | CK43: R5 | CL43: Recyclage | CN43: Lepoint | CO43: Martin | CP43: 87 56 76 87 98 | CQ43: lepoint@outlook.fr
A44: Usine Seltz | B44: 54850098200267 | C44: 25 rue de la Gare 67470 Seltz | E44: Non classifié | F44: 40463 | H44: denomination_ced | I44: SOLID | J44: WEE2838984 | L44: non concerné | M44: non concerné | N44: non concerné | O44: non concerné | P44: non concerné | T44: Wienerberger | U44: Baumert | V44: Laura | W44: 06 12 33 76 40 | X44: laura.baumert@wienerberger.com | Z44: Bauvier | AA44: Carinne | AB44: 06 44 44 44 44 | AC44: carinne.bauvier@wienerberger.com | AE44: Fûts 200L | AF44: FUT | AH44: Fût acier 200L | AI44: 200L | AJ44: 5 | AK44: Propriétaire | AO44: non concerné | AP44: non concerné | AR44: D-Carbone | AS44: 84 130 639 200 017 | AU44: NC541452018 | AW44: Jean | AX44: Moulin | AY44: 06 77 77 77 77 | AZ44: jean.moulin@email.fr | BB44: Pascal | BC44: Gentil | BD44: 06 55 55 55 55 | BE44: pg@lemail.fr | BG44: Bourgey Montreuil Alsace (Geodis BM) | BH44: ################# | BI44: Savoie Hexapôle 73420 Mery | BJ44: Dt-20-01-04 | BL44: Camion | BM44: Luc | BN44: 05 44 44 44 44 | BO44: l.c@transpo.fr | BQ44: lechateau | BR44: Laurent | BS44: 09 09 09 09 09 | BT44: lefifi@lemail.fr | CG44: Sarl Raison | CH44: 38 086 361 300 036 | CI44: Ferme de Grangeotte 70160 Amance | CK44: R10 | CL44: Recyclage via méthanisation | CN44: Lepoint | CO44: Martin | CP44: 87 56 76 87 98 | CQ44: lepoint@outlook.fr
A45: Usine Seltz | B45: 54850098200267 | C45: 25 rue de la Gare 67470 Seltz | E45: Non classifié | F45: 40463 | H45: denomination_ced | I45: SOLID | J45: WEE2838985 | L45: non concerné | M45: non concerné | N45: non concerné | O45: non concerné | P45: non concerné | T45: Wienerberger | U45: Baumert | V45: Laura | W45: 06 12 33 76 40 | X45: laura.baumert@wienerberger.com | Z45: Bauvier | AA45: Carinne | AB45: 06 44 44 44 44 | AC45: carinne.bauvier@wienerberger.com | AE45: GRV | AF45: GRV | AH45: Grand Récipient Pour Vrac | AI45: 1000L | AJ45: 1 | AK45: Propriétaire | AO45: non concerné | AP45: non concerné | AR45: D-Carbone | AS45: 84 130 639 200 017 | AU45: NC541452018 | AW45: Jean | AX45: Moulin | AY45: 06 77 77 77 77 | AZ45: jean.moulin@email.fr | BB45: Pascal | BC45: Gentil | BD45: 06 55 55 55 55 | BE45: pg@lemail.fr | BG45: Bourgey Montreuil Alsace (Geodis BM) | BH45: 78 417 353 600 094 | BI45: Savoie Hexapôle 73420 Mery | BJ45: Dt-20-01-04 | BL45: Camion | BM45: Luc | BN45: 05 44 44 44 44 | BO45: l.c@transpo.fr | BQ45: lechateau | BR45: Laurent | BS45: 09 09 09 09 09 | BT45: lefifi@lemail.fr | CG45: Sarl Raison | CH45: 38 086 361 300 036 | CI45: Ferme de Grangeotte 70160 Amance | CK45: R10 | CL45: Recyclage via méthanisation | CN45: Lepoint | CO45: Martin | CP45: 87 56 76 87 98 | CQ45: lepoint@outlook.fr
A46: Usine Seltz | B46: 54850098200267 | C46: 25 rue de la Gare 67470 Seltz | E46: Non classifié | F46: 40463 | H46: denomination_ced | I46: SOLID | J46: WEE2838986 | L46: non concerné | M46: non concerné | N46: non concerné | O46: non concerné | P46: non concerné | T46: Wienerberger | U46: Baumert | V46: Laura | W46: 06 12 33 76 40 | X46: laura.baumert@wienerberger.com | Z46: Bauvier | AA46: Carinne | AB46: 06 44 44 44 44 | AC46: carinne.bauvier@wienerberger.com | AE46: GRV | AF46: GRV | AH46: Grand Récipient Pour Vrac | AI46: 1000L | AJ46: 1 | AK46: Propriétaire | AO46: non concerné | AP46: non concerné | AR46: D-Carbone | AS46: 84 130 639 200 017 | AU46: NC541452018 | AW46: Jean | AX46: Moulin | AY46: 06 77 77 77 77 | AZ46: jean.moulin@email.fr | BB46: Pascal | BC46: Gentil | BD46: 06 55 55 55 55 | BE46: pg@lemail.fr | BG46: Transports ATB | BH46: ################# | BI46: 18 rue d'Alsace 67140 BARR | BJ46: 2267075 | BL46: Camion | BM46: Luc | BN46: 05 44 44 44 44 | BO46: l.c@transpo.fr | BQ46: lechateau | BR46: Laurent | BS46: 09 09 09 09 09 | BT46: lefifi@lemail.fr | CG46: Sarl Raison | CH46: 38 086 361 300 036 | CI46: Ferme de Grangeotte 70160 Amance | CK46: R10 | CL46: Recyclage via méthanisation | CN46: Lepoint | CO46: Martin | CP46: 87 56 76 87 98 | CQ46: lepoint@outlook.fr
A47: Usine Seltz | B47: 54850098200267 | C47: 25 rue de la Gare 67470 Seltz | E47: Non classifié | F47: 40463 | H47: denomination_ced | I47: SOLID | J47: WEE2838987 | L47: non concerné | M47: non concerné | N47: non concerné | O47: non concerné | P47: non concerné | T47: Wienerberger | U47: Baumert | V47: Laura | W47: 06 12 33 76 40 | X47: laura.baumert@wienerberger.com | Z47: Bauvier | AA47: Carinne | AB47: 06 44 44 44 44 | AC47: carinne.bauvier@wienerberger.com | AE47: Fûts 200L | AF47: FUT | AH47: Fût acier 200L | AI47: 200L | AJ47: 2 | AK47: Propriétaire | AO47: non concerné | AP47: non concerné | AR47: D-Carbone | AS47: 84 130 639 200 017 | AU47: NC541452018 | AW47: Jean | AX47: Moulin | AY47: 06 77 77 77 77 | AZ47: jean.moulin@email.fr | BB47: Pascal | BC47: Gentil | BD47: 06 55 55 55 55 | BE47: pg@lemail.fr | BG47: MAUFFREY | BH47: ################# | BI47: Zone industrielle du Bois Joli, Route de la Plaine d'Eloyes 88200 Saint-Nabord | BJ47: 88/2023/15 | BL47: Camion | BM47: Luc | BN47: 05 44 44 44 44 | BO47: l.c@transpo.fr | BQ47: lechateau | BR47: Laurent | BS47: 09 09 09 09 09 | BT47: lefifi@lemail.fr | CG47: Sarl Raison | CH47: 38 086 361 300 036 | CI47: Ferme de Grangeotte 70160 Amance | CK47: R10 | CL47: Recyclage via méthanisation | CN47: Lepoint | CO47: Martin | CP47: 87 56 76 87 98 | CQ47: lepoint@outlook.fr
A48: Usine Seltz | B48: 54850098200267 | C48: 25 rue de la Gare 67470 Seltz | E48: Non classifié | F48: 40463 | H48: denomination_ced | I48: SOLID | J48: WEE2838988 | L48: non concerné | M48: non concerné | N48: non concerné | O48: non concerné | P48: non concerné | T48: Wienerberger | U48: Baumert | V48: Laura | W48: 06 12 33 76 40 | X48: laura.baumert@wienerberger.com | Z48: Bauvier | AA48: Carinne | AB48: 06 44 44 44 44 | AC48: carinne.bauvier@wienerberger.com | AE48: Fûts 200L | AF48: FUT | AH48: Fût acier 200L | AI48: 200L | AJ48: 2 | AK48: Propriétaire | AO48: non concerné | AP48: non concerné | AR48: D-Carbone | AS48: 84 130 639 200 017 | AU48: NC541452018 | AW48: Jean | AX48: Moulin | AY48: 06 77 77 77 77 | AZ48: jean.moulin@email.fr | BB48: Pascal | BC48: Gentil | BD48: 06 55 55 55 55 | BE48: pg@lemail.fr | BG48: BOOM EXPRESS | BH48: ################# | BI48: 7 rue du girlenhirsch 67400 illkirch-graffenstaden | BJ48: 2367063 | BL48: Camion | BM48: Luc | BN48: 05 44 44 44 44 | BO48: l.c@transpo.fr | BQ48: lechateau | BR48: Laurent | BS48: 09 09 09 09 09 | BT48: lefifi@lemail.fr | CG48: Sarl Raison | CH48: 38 086 361 300 036 | CI48: Ferme de Grangeotte 70160 Amance | CK48: R10 | CL48: Recyclage via méthanisation | CN48: Lepoint | CO48: Martin | CP48: 87 56 76 87 98 | CQ48: lepoint@outlook.fr
A49: Usine Seltz | B49: 54850098200267 | C49: 25 rue de la Gare 67470 Seltz | E49: Non classifié | F49: 40463 | H49: denomination_ced | I49: SOLID | J49: WEE2838989 | L49: non concerné | M49: non concerné | N49: non concerné | O49: non concerné | P49: non concerné | T49: Wienerberger | U49: Baumert | V49: Laura | W49: 06 12 33 76 40 | X49: laura.baumert@wienerberger.com | Z49: Bauvier | AA49: Carinne | AB49: 06 44 44 44 44 | AC49: carinne.bauvier@wienerberger.com | AE49: Fûts 200L | AF49: FUT | AH49: Fût acier 200L | AI49: 200L | AJ49: 2 | AK49: Propriétaire | AO49: non concerné | AP49: non concerné | AR49: D-Carbone | AS49: 84 130 639 200 017 | AU49: NC541452018 | AW49: Jean | AX49: Moulin | AY49: 06 77 77 77 77 | AZ49: jean.moulin@email.fr | BB49: Pascal | BC49: Gentil | BD49: 06 55 55 55 55 | BE49: pg@lemail.fr | BG49: Go-Time | BH49: ################# | BI49: 4 rue Louis Ampère 67400 Illkirch-Graffenstaden | BJ49: 2367095 | BL49: Camion | BM49: Luc | BN49: 05 44 44 44 44 | BO49: l.c@transpo.fr | BQ49: lechateau | BR49: Laurent | BS49: 09 09 09 09 09 | BT49: lefifi@lemail.fr | CG49: Sarl Raison | CH49: 38 086 361 300 036 | CI49: Ferme de Grangeotte 70160 Amance | CK49: R10 | CL49: Recyclage via méthanisation | CN49: Lepoint | CO49: Martin | CP49: 87 56 76 87 98 | CQ49: lepoint@outlook.fr
A50: Usine Seltz | B50: 54850098200267 | C50: 25 rue de la Gare 67470 Seltz | E50: Non classifié | F50: 40463 | H50: denomination_ced | I50: SOLID | J50: WEE2838990 | L50: non concerné | M50: non concerné | N50: non concerné | O50: non concerné | P50: non concerné | T50: Wienerberger | U50: Baumert | V50: Laura | W50: 06 12 33 76 40 | X50: laura.baumert@wienerberger.com | Z50: Bauvier | AA50: Carinne | AB50: 06 44 44 44 44 | AC50: carinne.bauvier@wienerberger.com | AE50: Fûts 200L | AF50: FUT | AH50: Fût acier 200L | AI50: 200L | AJ50: 2 | AK50: Propriétaire | AO50: non concerné | AP50: non concerné | AR50: D-Carbone | AS50: 84 130 639 200 017 | AU50: NC541452018 | AW50: Jean | AX50: Moulin | AY50: 06 77 77 77 77 | AZ50: jean.moulin@email.fr | BB50: Pascal | BC50: Gentil | BD50: 06 55 55 55 55 | BE50: pg@lemail.fr | BG50: Alsafirtrans | BH50: ################# | BI50: 4 rue des Primeveres 67460 SOUFFELWEYERSHEIM | BJ50: 1967056 | BL50: Camion | BM50: Luc | BN50: 05 44 44 44 44 | BO50: l.c@transpo.fr | BQ50: lechateau | BR50: Laurent | BS50: 09 09 09 09 09 | BT50: lefifi@lemail.fr | CG50: Sarl Raison | CH50: 38 086 361 300 036 | CI50: Ferme de Grangeotte 70160 Amance | CK50: R10 | CL50: Recyclage via méthanisation | CN50: Lepoint | CO50: Martin | CP50: 87 56 76 87 98 | CQ50: lepoint@outlook.fr
A51: Usine Seltz | B51: 54850098200267 | C51: 25 rue de la Gare 67470 Seltz | E51: Non classifié | F51: 40463 | H51: denomination_ced | I51: SOLID | J51: WEE2838991 | L51: non concerné | M51: non concerné | N51: non concerné | O51: non concerné | P51: non concerné | T51: Wienerberger | U51: Baumert | V51: Laura | W51: 06 12 33 76 40 | X51: laura.baumert@wienerberger.com | Z51: Bauvier | AA51: Carinne | AB51: 06 44 44 44 44 | AC51: carinne.bauvier@wienerberger.com | AE51: Fûts 200L | AF51: FUT | AH51: Fût acier 200L | AI51: 200L | AJ51: 2 | AK51: Location | AL51: Veolia | AM51: 4534434536433453 | AO51: non concerné | AP51: non concerné | AR51: D-Carbone | AS51: 84 130 639 200 017 | AU51: NC541452018 | AW51: Jean | AX51: Moulin | AY51: 06 77 77 77 77 | AZ51: jean.moulin@email.fr | BB51: Pascal | BC51: Gentil | BD51: 06 55 55 55 55 | BE51: pg@lemail.fr | BG51: T.B.L | BH51: ################# | BI51: 7 rue du girlenhirsch 67400 illkirch-graffenstaden | BJ51: 2367062 | BL51: Camion | BM51: Luc | BN51: 05 44 44 44 44 | BO51: l.c@transpo.fr | BQ51: lechateau | BR51: Laurent | BS51: 09 09 09 09 09 | BT51: lefifi@lemail.fr | CG51: Sarl Raison | CH51: 38 086 361 300 036 | CI51: Ferme de Grangeotte 70160 Amance | CK51: R10 | CL51: Recyclage via méthanisation | CN51: Lepoint | CO51: Martin | CP51: 87 56 76 87 98 | CQ51: lepoint@outlook.fr
A52: Usine Seltz | B52: 54850098200267 | C52: 25 rue de la Gare 67470 Seltz | E52: Non classifié | F52: 40463 | H52: denomination_ced | I52: SOLID | J52: WEE2838992 | L52: non concerné | M52: non concerné | N52: non concerné | O52: non concerné | P52: non concerné | T52: Wienerberger | U52: Baumert | V52: Laura | W52: 06 12 33 76 40 | X52: laura.baumert@wienerberger.com | Z52: Bauvier | AA52: Carinne | AB52: 06 44 44 44 44 | AC52: carinne.bauvier@wienerberger.com | AE52: Fûts 200L | AF52: FUT | AH52: Fût acier 200L | AI52: 200L | AJ52: 4 | AK52: Location | AL52: Veolia | AM52: 4534434536433453 | AO52: non concerné | AP52: non concerné | AR52: D-Carbone | AS52: 84 130 639 200 017 | AU52: NC541452018 | AW52: Jean | AX52: Moulin | AY52: 06 77 77 77 77 | AZ52: jean.moulin@email.fr | BB52: Pascal | BC52: Gentil | BD52: 06 55 55 55 55 | BE52: pg@lemail.fr | BG52: Develotte | BH52: ################# | BI52: ZAC EX BA 902 88140 CONTREXEVILLE | BJ52: 88/2023/32 | BL52: Camion | BM52: Luc | BN52: 05 44 44 44 44 | BO52: l.c@transpo.fr | BQ52: lechateau | BR52: Laurent | BS52: 09 09 09 09 09 | BT52: lefifi@lemail.fr | CG52: Sarl Raison | CH52: 38 086 361 300 036 | CI52: Ferme de Grangeotte 70160 Amance | CK52: R10 | CL52: Recyclage via méthanisation | CN52: Lepoint | CO52: Martin | CP52: 87 56 76 87 98 | CQ52: lepoint@outlook.fr
A53: Usine Seltz | B53: 54850098200267 | C53: 25 rue de la Gare 67470 Seltz | E53: Non classifié | F53: 40463 | H53: denomination_ced | I53: SOLID | J53: WEE2838993 | L53: non concerné | M53: non concerné | N53: non concerné | O53: non concerné | P53: non concerné | T53: Wienerberger | U53: Baumert | V53: Laura | W53: 06 12 33 76 40 | X53: laura.baumert@wienerberger.com | Z53: Bauvier | AA53: Carinne | AB53: 06 44 44 44 44 | AC53: carinne.bauvier@wienerberger.com | AE53: Fûts 200L | AF53: FUT | AH53: Fût acier 200L | AI53: 200L | AJ53: 4 | AK53: Location | AL53: Veolia | AM53: 4534434536433453 | AO53: non concerné | AP53: non concerné | AR53: D-Carbone | AS53: 84 130 639 200 017 | AU53: NC541452018 | AW53: Jean | AX53: Moulin | AY53: 06 77 77 77 77 | AZ53: jean.moulin@email.fr | BB53: Pascal | BC53: Gentil | BD53: 06 55 55 55 55 | BE53: pg@lemail.fr | BG53: Transport Prabel | BH53: ################# | BI53: 95 rue Perry 748000 Saint-Pierre-En-Faucigny | BJ53: T 2023 10 24 A | BL53: Camion | BM53: Luc | BN53: 05 44 44 44 44 | BO53: l.c@transpo.fr | BQ53: lechateau | BR53: Laurent | BS53: 09 09 09 09 09 | BT53: lefifi@lemail.fr | CG53: Sarl Raison | CH53: 38 086 361 300 036 | CI53: Ferme de Grangeotte 70160 Amance | CK53: R10 | CL53: Recyclage via méthanisation | CN53: Lepoint | CO53: Martin | CP53: 87 56 76 87 98 | CQ53: lepoint@outlook.fr
A54: Usine Seltz | B54: 54850098200267 | C54: 25 rue de la Gare 67470 Seltz | E54: Non classifié | F54: 40463 | H54: denomination_ced | I54: SOLID | J54: WEE2838994 | L54: non concerné | M54: non concerné | N54: non concerné | O54: non concerné | P54: non concerné | T54: Wienerberger | U54: Baumert | V54: Laura | W54: 06 12 33 76 40 | X54: laura.baumert@wienerberger.com | Z54: Bauvier | AA54: Carinne | AB54: 06 44 44 44 44 | AC54: carinne.bauvier@wienerberger.com | AE54: Fûts 200L | AF54: FUT | AH54: Fût acier 200L | AI54: 200L | AJ54: 4 | AK54: Location | AL54: Veolia | AM54: 4534434536433453 | AO54: non concerné | AP54: non concerné | AR54: D-Carbone | AS54: 84 130 639 200 017 | AU54: NC541452018 | AW54: Jean | AX54: Moulin | AY54: 06 77 77 77 77 | AZ54: jean.moulin@email.fr | BB54: Pascal | BC54: Gentil | BD54: 06 55 55 55 55 | BE54: pg@lemail.fr | BG54: Transport Clauss | BH54: 44 294 966 500 024 | BI54: 4a rue de Soufflenheim 67660 Betschdorf | BJ54: 2067040 | BL54: Camion | BM54: Luc | BN54: 05 44 44 44 44 | BO54: l.c@transpo.fr | BQ54: lechateau | BR54: Laurent | BS54: 09 09 09 09 09 | BT54: lefifi@lemail.fr | CG54: Sarl Raison | CH54: 38 086 361 300 036 | CI54: Ferme de Grangeotte 70160 Amance | CK54: R10 | CL54: Recyclage via méthanisation | CN54: Lepoint | CO54: Martin | CP54: 87 56 76 87 98 | CQ54: lepoint@outlook.fr
A55: Usine Seltz | B55: 54850098200267 | C55: 25 rue de la Gare 67470 Seltz | E55: Non classifié | F55: 40463 | H55: denomination_ced | I55: SOLID | J55: WEE2838995 | L55: non concerné | M55: non concerné | N55: non concerné | O55: non concerné | P55: non concerné | T55: Wienerberger | U55: Baumert | V55: Laura | W55: 06 12 33 76 40 | X55: laura.baumert@wienerberger.com | Z55: Bauvier | AA55: Carinne | AB55: 06 44 44 44 44 | AC55: carinne.bauvier@wienerberger.com | AE55: Benne 15m3 | AF55: BENNE | AH55: Benne double acier 15m3 | AI55: 15m3 | AJ55: 1 | AK55: Location | AL55: Veolia | AM55: 4534434536433453 | AO55: non concerné | AP55: non concerné | AR55: D-Carbone | AS55: 84 130 639 200 017 | AU55: NC541452018 | AW55: Jean | AX55: Moulin | AY55: 06 77 77 77 77 | AZ55: jean.moulin@email.fr | BB55: Pascal | BC55: Gentil | BD55: 06 55 55 55 55 | BE55: pg@lemail.fr | BG55: TRANSPORTES TRINIDAD ROS,SA | BH55: TVA ESA17041757 | BI55: APARTAT DE CORREUS APARTAT CORREUS 103 17820 - BANYOLES | BJ55: 1700084631 / T-5411 | BL55: Camion | BM55: Luc | BN55: 05 44 44 44 44 | BO55: l.c@transpo.fr | BQ55: lechateau | BR55: Laurent | BS55: 09 09 09 09 09 | BT55: lefifi@lemail.fr | CG55: Sarl Raison | CH55: 38 086 361 300 036 | CI55: Ferme de Grangeotte 70160 Amance | CK55: R10 | CL55: Recyclage via méthanisation | CN55: Lepoint | CO55: Martin | CP55: 87 56 76 87 98 | CQ55: lepoint@outlook.fr
A56: Usine Seltz | B56: 54850098200267 | C56: 25 rue de la Gare 67470 Seltz | E56: Non classifié | F56: 40463 | H56: denomination_ced | I56: SOLID | J56: WEE2838996 | L56: non concerné | M56: non concerné | N56: non concerné | O56: non concerné | P56: non concerné | T56: Wienerberger | U56: Baumert | V56: Laura | W56: 06 12 33 76 40 | X56: laura.baumert@wienerberger.com | Z56: Bauvier | AA56: Carinne | AB56: 06 44 44 44 44 | AC56: carinne.bauvier@wienerberger.com | AE56: Benne 15m3 | AF56: BENNE | AH56: Benne double acier 15m3 | AI56: 15m3 | AJ56: 1 | AK56: Location | AL56: Veolia | AM56: 4534434536433453 | AO56: non concerné | AP56: non concerné | AR56: D-Carbone | AS56: 84 130 639 200 017 | AU56: NC541452018 | AW56: Jean | AX56: Moulin | AY56: 06 77 77 77 77 | AZ56: jean.moulin@email.fr | BB56: Pascal | BC56: Gentil | BD56: 06 55 55 55 55 | BE56: pg@lemail.fr | BG56: Bergelin | BH56: ################# | BI56: BP69 70103 Arc Les Gray | BJ56: 272 | BL56: Camion | BM56: Luc | BN56: 05 44 44 44 44 | BO56: l.c@transpo.fr | BQ56: lechateau | BR56: Laurent | BS56: 09 09 09 09 09 | BT56: lefifi@lemail.fr | CG56: Sarl Raison | CH56: 38 086 361 300 036 | CI56: Ferme de Grangeotte 70160 Amance | CK56: R10 | CL56: Recyclage via méthanisation | CN56: Lepoint | CO56: Martin | CP56: 87 56 76 87 98 | CQ56: lepoint@outlook.fr
A57: Usine Seltz | B57: 54850098200267 | C57: 25 rue de la Gare 67470 Seltz | E57: Non classifié | F57: 40463 | H57: denomination_ced | I57: SOLID | J57: WEE2838997 | L57: non concerné | M57: non concerné | N57: non concerné | O57: non concerné | P57: non concerné | T57: Wienerberger | U57: Baumert | V57: Laura | W57: 06 12 33 76 40 | X57: laura.baumert@wienerberger.com | Z57: Bauvier | AA57: Carinne | AB57: 06 44 44 44 44 | AC57: carinne.bauvier@wienerberger.com | AE57: Benne 15m3 | AF57: BENNE | AH57: Benne double acier 15m3 | AI57: 15m3 | AJ57: 1 | AK57: Location | AL57: Veolia | AM57: 4534434536433453 | AO57: non concerné | AP57: non concerné | AR57: D-Carbone | AS57: 84 130 639 200 017 | AU57: NC541452018 | AW57: Jean | AX57: Moulin | AY57: 06 77 77 77 77 | AZ57: jean.moulin@email.fr | BB57: Pascal | BC57: Gentil | BD57: 06 55 55 55 55 | BE57: pg@lemail.fr | BG57: Transports Frappier | BH57: 33 774 265 400 029 | BI57: 9 allée de l'Europe 85670 St christophe du ligneron | BJ57: 2019-22 | BL57: Camion | BM57: Luc | BN57: 05 44 44 44 44 | BO57: l.c@transpo.fr | BQ57: lechateau | BR57: Laurent | BS57: 09 09 09 09 09 | BT57: lefifi@lemail.fr | CG57: Sarl Raison | CH57: 38 086 361 300 036 | CI57: Ferme de Grangeotte 70160 Amance | CK57: R10 | CL57: Recyclage via méthanisation | CN57: Lepoint | CO57: Martin | CP57: 87 56 76 87 98 | CQ57: lepoint@outlook.fr
A58: Usine Seltz | B58: 54850098200267 | C58: 25 rue de la Gare 67470 Seltz | E58: Non classifié | F58: 40463 | H58: denomination_ced | I58: SOLID | J58: WEE2838998 | L58: non concerné | M58: non concerné | N58: non concerné | O58: non concerné | P58: non concerné | T58: Wienerberger | U58: Baumert | V58: Laura | W58: 06 12 33 76 40 | X58: laura.baumert@wienerberger.com | Z58: Bauvier | AA58: Carinne | AB58: 06 44 44 44 44 | AC58: carinne.bauvier@wienerberger.com | AE58: Benne 15m3 | AF58: BENNE | AH58: Benne double acier 15m3 | AI58: 15m3 | AJ58: 1 | AK58: Location | AL58: Veolia | AM58: 4534434536433453 | AO58: non concerné | AP58: non concerné | AR58: D-Carbone | AS58: 84 130 639 200 017 | AU58: NC541452018 | AW58: Jean | AX58: Moulin | AY58: 06 77 77 77 77 | AZ58: jean.moulin@email.fr | BB58: Pascal | BC58: Gentil | BD58: 06 55 55 55 55 | BE58: pg@lemail.fr | BG58: Transports Morille | BH58: 40 219 384 100 028 | BI58: 23 rue de la Croix Renaudeau 49120 Chemillé En Anjou | BJ58: 49.2024.60 | BL58: Camion | BM58: Luc | BN58: 05 44 44 44 44 | BO58: l.c@transpo.fr | BQ58: lechateau | BR58: Laurent | BS58: 09 09 09 09 09 | BT58: lefifi@lemail.fr | CG58: Sarl Raison | CH58: 38 086 361 300 036 | CI58: Ferme de Grangeotte 70160 Amance | CK58: R10 | CL58: Recyclage via méthanisation | CN58: Lepoint | CO58: Martin | CP58: 87 56 76 87 98 | CQ58: lepoint@outlook.fr
A59: Usine Seltz | B59: 54850098200267 | C59: 25 rue de la Gare 67470 Seltz | E59: Non classifié | F59: 40463 | H59: denomination_ced | I59: SOLID | J59: WEE2838999 | L59: non concerné | M59: non concerné | N59: non concerné | O59: non concerné | P59: non concerné | T59: Wienerberger | U59: Baumert | V59: Laura | W59: 06 12 33 76 40 | X59: laura.baumert@wienerberger.com | Z59: Bauvier | AA59: Carinne | AB59: 06 44 44 44 44 | AC59: carinne.bauvier@wienerberger.com | AE59: Benne 15m3 | AF59: BENNE | AH59: Benne double acier 15m3 | AI59: 15m3 | AJ59: 1 | AK59: Location | AL59: Veolia | AM59: 4534434536433453 | AO59: non concerné | AP59: non concerné | AR59: D-Carbone | AS59: 84 130 639 200 017 | AU59: NC541452018 | AW59: Jean | AX59: Moulin | AY59: 06 77 77 77 77 | AZ59: jean.moulin@email.fr | BB59: Pascal | BC59: Gentil | BD59: 06 55 55 55 55 | BE59: pg@lemail.fr | BG59: Bourgey Montreuil Alsace (Geodis BM) | BH59: ################# | BI59: 6 rue du Rheinfeld 67020 Strasbourg | BJ59: Dt-20-01-04 | BL59: Camion | BM59: Luc | BN59: 05 44 44 44 44 | BO59: l.c@transpo.fr | BQ59: lechateau | BR59: Laurent | BS59: 09 09 09 09 09 | BT59: lefifi@lemail.fr | CG59: Sarl Raison | CH59: 38 086 361 300 036 | CI59: Ferme de Grangeotte 70160 Amance | CK59: R10 | CL59: Recyclage via méthanisation | CN59: Lepoint | CO59: Martin | CP59: 87 56 76 87 98 | CQ59: lepoint@outlook.fr
A60: Usine Seltz | B60: 54850098200267 | C60: 25 rue de la Gare 67470 Seltz | E60: Non classifié | F60: 40463 | H60: denomination_ced | I60: SOLID | J60: WEE2839000 | L60: non concerné | M60: non concerné | N60: non concerné | O60: non concerné | P60: non concerné | T60: Wienerberger | U60: Baumert | V60: Laura | W60: 06 12 33 76 40 | X60: laura.baumert@wienerberger.com | Z60: Bauvier | AA60: Carinne | AB60: 06 44 44 44 44 | AC60: carinne.bauvier@wienerberger.com | AE60: Benne 15m3 | AF60: BENNE | AH60: Benne double acier 15m3 | AI60: 15m3 | AJ60: 1 | AK60: Location | AL60: Veolia | AM60: 4534434536433453 | AO60: non concerné | AP60: non concerné | AR60: D-Carbone | AS60: 84 130 639 200 017 | AU60: NC541452018 | AW60: Jean | AX60: Moulin | AY60: 06 77 77 77 77 | AZ60: jean.moulin@email.fr | BB60: Pascal | BC60: Gentil | BD60: 06 55 55 55 55 | BE60: pg@lemail.fr | BG60: BOOM EXPRESS | BH60: 47 961 343 200 059 | BI60: 7 rue du girlenhirsch 67400 illkirch-graffenstaden | BJ60: 2367063 | BL60: Camion | BM60: Luc | BN60: 05 44 44 44 44 | BO60: l.c@transpo.fr | BQ60: lechateau | BR60: Laurent | BS60: 09 09 09 09 09 | BT60: lefifi@lemail.fr | CG60: Sarl Raison | CH60: 38 086 361 300 036 | CI60: Ferme de Grangeotte 70160 Amance | CK60: R10 | CL60: Recyclage via méthanisation | CN60: Lepoint | CO60: Martin | CP60: 87 56 76 87 98 | CQ60: lepoint@outlook.fr
A61: Usine Seltz | B61: 54850098200267 | C61: 25 rue de la Gare 67470 Seltz | E61: Non classifié | F61: 40463 | H61: denomination_ced | I61: SOLID | J61: WEE2839001 | L61: non concerné | M61: non concerné | N61: non concerné | O61: non concerné | P61: non concerné | T61: Wienerberger | U61: Baumert | V61: Laura | W61: 06 12 33 76 40 | X61: laura.baumert@wienerberger.com | Z61: Bauvier | AA61: Carinne | AB61: 06 44 44 44 44 | AC61: carinne.bauvier@wienerberger.com | AE61: Benne 15m3 | AF61: BENNE | AH61: Benne double acier 15m3 | AI61: 15m3 | AJ61: 1 | AK61: Location | AL61: Veolia | AM61: 4534434536433453 | AO61: non concerné | AP61: non concerné | AR61: D-Carbone | AS61: 84 130 639 200 017 | AU61: NC541452018 | AW61: Jean | AX61: Moulin | AY61: 06 77 77 77 77 | AZ61: jean.moulin@email.fr | BB61: Pascal | BC61: Gentil | BD61: 06 55 55 55 55 | BE61: pg@lemail.fr | BG61: Bourgey Montreuil Alsace (Geodis BM) | BH61: ################# | BI61: 6 rue du Rheinfeld 67000 Strasbourg | BJ61: Dt-20-01-04 | BL61: Camion | BM61: Luc | BN61: 05 44 44 44 44 | BO61: l.c@transpo.fr | BQ61: lechateau | BR61: Laurent | BS61: 09 09 09 09 09 | BT61: lefifi@lemail.fr | CG61: Sarl Raison | CH61: 38 086 361 300 036 | CI61: Ferme de Grangeotte 70160 Amance | CK61: R10 | CL61: Recyclage via méthanisation | CN61: Lepoint | CO61: Martin | CP61: 87 56 76 87 98 | CQ61: lepoint@outlook.fr
A62: Usine Seltz | B62: 54850098200267 | C62: 25 rue de la Gare 67470 Seltz | E62: Déchets LIQUIDs et Eaux Usées | F62: 12 03 01* | H62: denomination_ced | I62: LIQUID | J62: WEE2839002 | L62: UN 1776, acide chlorhydrique, 8, II, (E) | M62: 1776 | N62: acide chlorhydrique | O62: 7 | P62: II | T62: Wienerberger | U62: Baumert | V62: Laura | W62: 06 12 33 76 40 | X62: laura.baumert@wienerberger.com | Z62: Bauvier | AA62: Carinne | AB62: 06 44 44 44 44 | AC62: carinne.bauvier@wienerberger.com | AE62: Benne 15m3 | AF62: BENNE | AH62: Benne double acier 15m3 | AI62: 15m3 | AJ62: 1 | AK62: Location | AL62: Veolia | AM62: 4534434536433453 | AO62: non concerné | AP62: non concerné | BG62: Safety-Kleen France Services | BH62: 33 381 325 100 027 | BI62: 65 avenue Jean Mermoz 93126 LaCourneuve Cedex | BJ62: 1999-014 | BL62: Camion | BM62: Luc | BN62: 05 44 44 44 44 | BO62: l.c@transpo.fr | BQ62: lechateau | BR62: Laurent | BS62: 09 09 09 09 09 | BT62: lefifi@lemail.fr | BV62: Safety-Kleen Strasbourg | BW62: 48011152500162 | BX62: ZA du Hairy 67230 Huttenheim | BZ62: R13 | CB62: Legrand | CC62: Marcel | CD62: 33 33 33 33 33 | CE62: legrand@marcel.fr | CG62: Seteo | CH62: 30 832 792 300 022 | CI62: Rue en Clairvot 21850 Saint Apollinaire | CK62: R12/D10 | CL62: Elimination (prétraitement au préalable) | CN62: Lepoint | CO62: Martin | CP62: 87 56 76 87 98 | CQ62: lepoint@outlook.fr
A63: Usine Seltz | B63: 54850098200267 | C63: 25 rue de la Gare 67470 Seltz | E63: Déchets Technologiques et Électroniques | F63: 16 02 13* | H63: denomination_ced | I63: SOLID | J63: WEE2839003 | L63: UN 1776, acide chlorhydrique, 8, II, (E) | M63: 1776 | N63: acide chlorhydrique | O63: 7 | P63: II | T63: Wienerberger | U63: Baumert | V63: Laura | W63: 06 12 33 76 40 | X63: laura.baumert@wienerberger.com | Z63: Bauvier | AA63: Carinne | AB63: 06 44 44 44 44 | AC63: carinne.bauvier@wienerberger.com | AE63: Benne 15m3 | AF63: BENNE | AH63: Benne double acier 15m3 | AI63: 15m3 | AJ63: 1 | AK63: Location | AL63: Veolia | AM63: 4534434536433453 | AO63: non concerné | AP63: non concerné | BG63: Chimirec Est | BH63: 39 933 934 000 016 | BI63: ZI La Haie Sorette 54450 Domjevin | BJ63: TR547592024 | BL63: Camion | BM63: Luc | BN63: 05 44 44 44 44 | BO63: l.c@transpo.fr | BQ63: lechateau | BR63: Laurent | BS63: 09 09 09 09 09 | BT63: lefifi@lemail.fr | BV63: Chimirec Est | BW63: ############# | BX63: ZI La Haie Sorette 54450 Domjevin | BZ63: R12 | CB63: Legrand | CC63: Marcel | CD63: 33 33 33 33 33 | CE63: legrand@marcel.fr | CG63: Autorisation par arrêté préfectoral, à une rupture de traçabilité pour ce déchet | CK63: R4 | CL63: Recyclage | CN63: Lepoint | CO63: Martin | CP63: 87 56 76 87 98 | CQ63: lepoint@outlook.fr
A64: Usine Seltz | B64: 54850098200267 | C64: 25 rue de la Gare 67470 Seltz | E64: Autres Déchets Industriels | F64: 20 03 01 | H64: denomination_ced | I64: SOLID | J64: WEE2839004 | L64: non concerné | M64: non concerné | N64: non concerné | O64: non concerné | P64: non concerné | T64: Wienerberger | U64: Baumert | V64: Laura | W64: 06 12 33 76 40 | X64: laura.baumert@wienerberger.com | Z64: Bauvier | AA64: Carinne | AB64: 06 44 44 44 44 | AC64: carinne.bauvier@wienerberger.com | AE64: Benne 15m3 | AF64: BENNE | AH64: Benne double acier 15m3 | AI64: 15m3 | AJ64: 1 | AK64: Location | AL64: Veolia | AM64: 4534434536433453 | AO64: non concerné | AP64: non concerné | BG64: SUEZ RV Nord Est | BH64: 50 472 678 700 030 | BI64: 13 Route de Rohrshollen 67100 Strasbourg | BJ64: 2167061 | BL64: Camion | BM64: Luc | BN64: 05 44 44 44 44 | BO64: l.c@transpo.fr | BQ64: lechateau | BR64: Laurent | BS64: 09 09 09 09 09 | BT64: lefifi@lemail.fr | CG64: Sardi | CH64: 35 238 105 700 038 | CI64: Rue des Frères Lumières 67170 Brumath | CK64: R5 R1 | CL64: Valorisation énergétique + recyclage | CN64: Lepoint | CO64: Martin | CP64: 87 56 76 87 98 | CQ64: lepoint@outlook.fr
A65: Usine Seltz | B65: 54850098200267 | C65: 25 rue de la Gare 67470 Seltz | E65: Autres Déchets Industriels | F65: 20 03 01 | H65: denomination_ced | I65: SOLID | J65: WEE2839005 | L65: non concerné | M65: non concerné | N65: non concerné | O65: non concerné | P65: non concerné | T65: Wienerberger | U65: Baumert | V65: Laura | W65: 06 12 33 76 40 | X65: laura.baumert@wienerberger.com | Z65: Bauvier | AA65: Carinne | AB65: 06 44 44 44 44 | AC65: carinne.bauvier@wienerberger.com | AE65: Benne 15m3 | AF65: BENNE | AH65: Benne double acier 15m3 | AI65: 15m3 | AJ65: 1 | AK65: Location | AL65: Veolia | AM65: 4534434536433453 | AO65: non concerné | AP65: non concerné | BG65: SUEZ RV Nord Est | BH65: 50 472 678 700 030 | BI65: 13 Route de Rohrshollen 67100 Strasbourg | BJ65: 2167061 | BL65: Camion | BM65: Luc | BN65: 05 44 44 44 44 | BO65: l.c@transpo.fr | BQ65: lechateau | BR65: Laurent | BS65: 09 09 09 09 09 | BT65: lefifi@lemail.fr | BV65: EDIB | BW65: ############# | BX65: Quai du Canal 67270 Hochfelden | BZ65: R12-2 | CB65: Legrand | CC65: Marcel | CD65: 33 33 33 33 33 | CE65: legrand@marcel.fr | CG65: EDIB | CH65: 30 223 694 800 030 | CI65: Quai du Canal 67270 Hochfelden | CK65: R12/D1-D10 | CL65: Elimination | CN65: Lepoint | CO65: Martin | CP65: 87 56 76 87 98 | CQ65: lepoint@outlook.fr
A66: Usine Seltz | B66: 54850098200267 | C66: 25 rue de la Gare 67470 Seltz | E66: Déchets LIQUIDs et Eaux Usées | F66: 16 07 08* | G66: Eaux de nettoyage du convoyeur UBA | H66: denomination_ced | I66: LIQUID | J66: WEE2839006 | L66: UN 1776, acide chlorhydrique, 8, II, (E) | M66: 1776 | N66: acide chlorhydrique | O66: 7 | P66: II | T66: Wienerberger | U66: Baumert | V66: Laura | W66: 06 12 33 76 40 | X66: laura.baumert@wienerberger.com | Z66: Bauvier | AA66: Carinne | AB66: 06 44 44 44 44 | AC66: carinne.bauvier@wienerberger.com | AE66: Benne 15m3 | AF66: BENNE | AH66: Benne double acier 15m3 | AI66: 15m3 | AJ66: 1 | AK66: Location | AL66: Veolia | AM66: 4534434536433453 | AO66: non concerné | AP66: non concerné | BG66: ATIC SA | BH66: 30 002 217 500 107 | BI66: 3 rue de l'Uranium 67802 Bischheim | BJ66: 2167013 | BL66: Camion | BM66: Luc | BN66: 05 44 44 44 44 | BO66: l.c@transpo.fr | BQ66: lechateau | BR66: Laurent | BS66: 09 09 09 09 09 | BT66: lefifi@lemail.fr | BV66: Suez RR IWS Chemicals | BW66: ############# | BX66: 16 rue du Ried 67850 Herrlisheim | BZ66: R12 | CB66: Legrand | CC66: Marcel | CD66: 33 33 33 33 33 | CE66: legrand@marcel.fr | CG66: Opération aboutissant à un déchet dont la provenance n'est plus identifiable | CK66: R5 | CL66: Recyclage | CN66: Lepoint | CO66: Martin | CP66: 87 56 76 87 98 | CQ66: lepoint@outlook.fr
A67: Usine Seltz | B67: 54850098200267 | C67: 25 rue de la Gare 67470 Seltz | E67: Déchets LIQUIDs et Eaux Usées | F67: 16 03 05* | G67: Eaux de trempage des palettes (fosse siloxane UB2) | H67: denomination_ced | I67: LIQUID | J67: WEE2839007 | L67: UN 1776, acide chlorhydrique, 8, II, (E) | M67: 1776 | N67: acide chlorhydrique | O67: 7 | P67: II | T67: Wienerberger | U67: Baumert | V67: Laura | W67: 06 12 33 76 40 | X67: laura.baumert@wienerberger.com | Z67: Bauvier | AA67: Carinne | AB67: 06 44 44 44 44 | AC67: carinne.bauvier@wienerberger.com | AE67: Benne 15m3 | AF67: BENNE | AH67: Benne double acier 15m3 | AI67: 15m3 | AJ67: 1 | AK67: Location | AL67: Veolia | AM67: 4534434536433453 | AO67: non concerné | AP67: non concerné | BG67: ATIC SA | BH67: 30 002 217 500 107 | BI67: 3 rue de l'Uranium 67802 Bischheim | BJ67: 2167013 | BL67: Camion | BM67: Luc | BN67: 05 44 44 44 44 | BO67: l.c@transpo.fr | BQ67: lechateau | BR67: Laurent | BS67: 09 09 09 09 09 | BT67: lefifi@lemail.fr | CG67: Tredi | CH67: 33 818 576 200 048 | CI67: 74 quai Jacoutot 67000 Strasbourg | CK67: D10 | CL67: Elimination | CN67: Lepoint | CO67: Martin | CP67: 87 56 76 87 98 | CQ67: lepoint@outlook.fr
A68: Usine Seltz | B68: 54850098200267 | C68: 25 rue de la Gare 67470 Seltz | E68: Déchets LIQUIDs et Eaux Usées | F68: 16 03 05* | G68: Eaux de trempage des palettes (fosse siloxane UBA + UB3) | H68: denomination_ced | I68: LIQUID | J68: WEE2839008 | L68: UN 1776, acide chlorhydrique, 8, II, (E) | M68: 1776 | N68: acide chlorhydrique | O68: 7 | P68: II | T68: Wienerberger | U68: Baumert | V68: Laura | W68: 06 12 33 76 40 | X68: laura.baumert@wienerberger.com | Z68: Bauvier | AA68: Carinne | AB68: 06 44 44 44 44 | AC68: carinne.bauvier@wienerberger.com | AE68: Benne 15m3 | AF68: BENNE | AH68: Benne double acier 15m3 | AI68: 15m3 | AJ68: 1 | AK68: Propriétaire | AO68: non concerné | AP68: non concerné | BG68: ATIC SA | BH68: 30 002 217 500 107 | BI68: 3 rue de l'Uranium 67802 Bischheim | BJ68: 2167013 | BL68: Camion | BM68: Luc | BN68: 05 44 44 44 44 | BO68: l.c@transpo.fr | BQ68: lechateau | BR68: Laurent | BS68: 09 09 09 09 09 | BT68: lefifi@lemail.fr | CG68: Tredi | CH68: 33 818 576 200 048 | CI68: 74 quai Jacoutot 67000 Strasbourg | CK68: D10 | CL68: Elimination | CN68: Lepoint | CO68: Martin | CP68: 87 56 76 87 98 | CQ68: lepoint@outlook.fr
A69: Usine Seltz | B69: 54850098200267 | C69: 25 rue de la Gare 67470 Seltz | E69: Déchets LIQUIDs et Eaux Usées | F69: 10 13 99 / 16 10 02 | G69: Eaux fosses à plâtres | H69: denomination_ced | I69: LIQUID | J69: WEE2839009 | L69: UN 1776, acide chlorhydrique, 8, II, (E) | M69: 1776 | N69: acide chlorhydrique | O69: 7 | P69: II | T69: Wienerberger | U69: Baumert | V69: Laura | W69: 06 12 33 76 40 | X69: laura.baumert@wienerberger.com | Z69: Bauvier | AA69: Carinne | AB69: 06 44 44 44 44 | AC69: carinne.bauvier@wienerberger.com | AE69: Benne 15m3 | AF69: BENNE | AH69: Benne double acier 15m3 | AI69: 15m3 | AJ69: 1 | AK69: Propriétaire | AO69: non concerné | AP69: non concerné | BG69: ATIC SA | BH69: 30 002 217 500 107 | BI69: 3 rue de l'Uranium 67802 Bischheim | BJ69: 2167013 | BL69: Camion | BM69: Luc | BN69: 05 44 44 44 44 | BO69: l.c@transpo.fr | BQ69: lechateau | BR69: Laurent | BS69: 09 09 09 09 09 | BT69: lefifi@lemail.fr | BV69: ATIC SA | BW69: ############# | BX69: 3 rue de l'Uranium 67802 Bischheim | BZ69: R13 | CB69: Legrand | CC69: Marcel | CD69: 33 33 33 33 33 | CE69: legrand@marcel.fr | CG69: Ritleng Revalorisations | CH69: 53 457 434 800 015 | CI69: Lieu dit Gaensweid 67270 Rohr | CK69: R5 | CL69: Recyclage | CN69: Lepoint | CO69: Martin | CP69: 87 56 76 87 98 | CQ69: lepoint@outlook.fr
A70: Usine Seltz | B70: 54850098200267 | C70: 25 rue de la Gare 67470 Seltz | E70: Déchets LIQUIDs et Eaux Usées | F70: 13 05 07* | G70: Eaux souillées de séparateur d'hydrocarbures | H70: denomination_ced | I70: LIQUID | J70: WEE2839010 | L70: UN 1776, acide chlorhydrique, 8, II, (E) | M70: 1776 | N70: acide chlorhydrique | O70: 7 | P70: II | T70: Wienerberger | U70: Baumert | V70: Laura | W70: 06 12 33 76 40 | X70: laura.baumert@wienerberger.com | Z70: Bauvier | AA70: Carinne | AB70: 06 44 44 44 44 | AC70: carinne.bauvier@wienerberger.com | AE70: Benne 15m3 | AF70: BENNE | AH70: Benne double acier 15m3 | AI70: 15m3 | AJ70: 1 | AK70: Propriétaire | AO70: non concerné | AP70: non concerné | BG70: ATIC SA | BH70: 30 002 217 500 107 | BI70: 3 rue de l'Uranium 67802 Bischheim | BJ70: 2167013 | BL70: Camion | BM70: Luc | BN70: 05 44 44 44 44 | BO70: l.c@transpo.fr | BQ70: lechateau | BR70: Laurent | BS70: 09 09 09 09 09 | BT70: lefifi@lemail.fr | BV70: Suez RR IWS Chemicals | BW70: ############# | BX70: 16 rue du Ried 67850 Herrlisheim | BZ70: R12 | CB70: Legrand | CC70: Marcel | CD70: 33 33 33 33 33 | CE70: legrand@marcel.fr | CG70: Opération aboutissant à un déchet dont la provenance n'est plus identifiable | CK70: R5 | CL70: Recyclage | CN70: Lepoint | CO70: Martin | CP70: 87 56 76 87 98 | CQ70: lepoint@outlook.fr
A71: Usine Seltz | B71: 54850098200267 | C71: 25 rue de la Gare 67470 Seltz | E71: Déchets LIQUIDs et Eaux Usées | F71: 16 07 09* | G71: Eaux souillées non chlorées | H71: denomination_ced | I71: LIQUID | J71: WEE2839011 | L71: UN 1776, acide chlorhydrique, 8, II, (E) | M71: 1776 | N71: acide chlorhydrique | O71: 7 | P71: II | T71: Wienerberger | U71: Baumert | V71: Laura | W71: 06 12 33 76 40 | X71: laura.baumert@wienerberger.com | Z71: Bauvier | AA71: Carinne | AB71: 06 44 44 44 44 | AC71: carinne.bauvier@wienerberger.com | AE71: Benne 5m3 | AF71: BENNE | AH71: Benne ouverte haute acier 5m3 | AI71: 5m3 | AJ71: 1 | AK71: Propriétaire | AO71: non concerné | AP71: non concerné | BG71: Chimirec Est | BH71: 39 933 934 000 016 | BI71: ZI La Haie Sorette 54450 Domjevin | BJ71: TR547592024 | BL71: Camion | BM71: Luc | BN71: 05 44 44 44 44 | BO71: l.c@transpo.fr | BQ71: lechateau | BR71: Laurent | BS71: 09 09 09 09 09 | BT71: lefifi@lemail.fr | BV71: Chimirec Est | BW71: ############# | BX71: ZI La Haie Sorette 54450 Domjevin | BZ71: D13 | CB71: Legrand | CC71: Marcel | CD71: 33 33 33 33 33 | CE71: legrand@marcel.fr | CG71: Autorisation par arrêté préfectoral, à une rupture de traçabilité pour ce déchet | CK71: D10 | CL71: Elimination | CN71: Lepoint | CO71: Martin | CP71: 87 56 76 87 98 | CQ71: lepoint@outlook.fr
A72: Usine Seltz | B72: 54850098200267 | C72: 25 rue de la Gare 67470 Seltz | E72: Non classifié | F72: 15 01 10* | H72: denomination_ced | I72: SOLID | J72: WEE2839012 | L72: UN 1776, acide chlorhydrique, 8, II, (E) | M72: 1776 | N72: acide chlorhydrique | O72: 7 | P72: II | T72: Wienerberger | U72: Baumert | V72: Laura | W72: 06 12 33 76 40 | X72: laura.baumert@wienerberger.com | Z72: Bauvier | AA72: Carinne | AB72: 06 44 44 44 44 | AC72: carinne.bauvier@wienerberger.com | AE72: Benne 5m3 | AF72: BENNE | AH72: Benne ouverte haute acier 5m3 | AI72: 5m3 | AJ72: 1 | AK72: Propriétaire | AO72: non concerné | AP72: non concerné | BG72: Chimirec Est | BH72: 39 933 934 000 016 | BI72: ZI La Haie Sorette 54450 Domjevin | BJ72: TR547592024 | BL72: Camion | BM72: Luc | BN72: 05 44 44 44 44 | BO72: l.c@transpo.fr | BQ72: lechateau | BR72: Laurent | BS72: 09 09 09 09 09 | BT72: lefifi@lemail.fr | BV72: Chimirec Est | BW72: ############# | BX72: ZI La Haie Sorette 54450 Domjevin | BZ72: R12 | CB72: Legrand | CC72: Marcel | CD72: 33 33 33 33 33 | CE72: legrand@marcel.fr | CG72: Autorisation par arrêté préfectoral, à une rupture de traçabilité pour ce déchet | CK72: R12 | CL72: Valorisation | CN72: Lepoint | CO72: Martin | CP72: 87 56 76 87 98 | CQ72: lepoint@outlook.fr
A73: Usine Seltz | B73: 54850098200267 | C73: 25 rue de la Gare 67470 Seltz | E73: Déchets Plastiques | F73: 15 01 10* | G73: Emballages souillés vides plastiques (fûts) | H73: denomination_ced | I73: SOLID | J73: WEE2839013 | L73: UN 1776, acide chlorhydrique, 8, II, (E) | M73: 1776 | N73: acide chlorhydrique | O73: 7 | P73: II | T73: Wienerberger | U73: Baumert | V73: Laura | W73: 06 12 33 76 40 | X73: laura.baumert@wienerberger.com | Z73: Bauvier | AA73: Carinne | AB73: 06 44 44 44 44 | AC73: carinne.bauvier@wienerberger.com | AE73: Benne 5m3 | AF73: BENNE | AH73: Benne ouverte haute acier 5m3 | AI73: 5m3 | AJ73: 1 | AK73: Propriétaire | AO73: non concerné | AP73: non concerné | BG73: Chimirec Est | BH73: 39 933 934 000 016 | BI73: ZI La Haie Sorette 54450 Domjevin | BJ73: TR547592024 | BL73: Camion | BM73: Luc | BN73: 05 44 44 44 44 | BO73: l.c@transpo.fr | BQ73: lechateau | BR73: Laurent | BS73: 09 09 09 09 09 | BT73: lefifi@lemail.fr | BV73: Chimirec Est | BW73: ############# | BX73: ZI La Haie Sorette 54450 Domjevin | BZ73: R12 | CB73: Legrand | CC73: Marcel | CD73: 33 33 33 33 33 | CE73: legrand@marcel.fr | CG73: Autorisation par arrêté préfectoral, à une rupture de traçabilité pour ce déchet | CK73: R3 | CL73: Recyclage | CN73: Lepoint | CO73: Martin | CP73: 87 56 76 87 98 | CQ73: lepoint@outlook.fr
A74: Usine Seltz | B74: 54850098200267 | C74: 25 rue de la Gare 67470 Seltz | E74: Déchets Plastiques | F74: 15 01 10* | G74: Emballages souillés vides plastiques (petits contenants) | H74: denomination_ced | I74: SOLID | J74: WEE2839014 | L74: UN 1776, acide chlorhydrique, 8, II, (E) | M74: 1776 | N74: acide chlorhydrique | O74: 7 | P74: II | T74: Wienerberger | U74: Baumert | V74: Laura | W74: 06 12 33 76 40 | X74: laura.baumert@wienerberger.com | Z74: Bauvier | AA74: Carinne | AB74: 06 44 44 44 44 | AC74: carinne.bauvier@wienerberger.com | AE74: Benne 5m3 | AF74: BENNE | AH74: Benne ouverte haute acier 5m3 | AI74: 5m3 | AJ74: 1 | AK74: Propriétaire | AO74: non concerné | AP74: non concerné | BG74: Chimirec Est | BH74: 39 933 934 000 016 | BI74: ZI La Haie Sorette 54450 Domjevin | BJ74: TR545642019 | BL74: Camion | BM74: Luc | BN74: 05 44 44 44 44 | BO74: l.c@transpo.fr | BQ74: lechateau | BR74: Laurent | BS74: 09 09 09 09 09 | BT74: lefifi@lemail.fr | BV74: Chimirec Est | BW74: ############# | BX74: ZI La Haie Sorette 54450 Domjevin | BZ74: R12 | CB74: Legrand | CC74: Marcel | CD74: 33 33 33 33 33 | CE74: legrand@marcel.fr | CG74: Autorisation par arrêté préfectoral, à une rupture de traçabilité pour ce déchet | CK74: R3 | CL74: Recyclage | CN74: Lepoint | CO74: Martin | CP74: 87 56 76 87 98 | CQ74: lepoint@outlook.fr
A75: Usine Seltz | B75: 54850098200267 | C75: 25 rue de la Gare 67470 Seltz | E75: Non classifié | F75: 15 01 10* | H75: denomination_ced | I75: SOLID | J75: WEE2839015 | L75: UN 1776, acide chlorhydrique, 8, II, (E) | M75: 1776 | N75: acide chlorhydrique | O75: 7 | P75: II | T75: Wienerberger | U75: Baumert | V75: Laura | W75: 06 12 33 76 40 | X75: laura.baumert@wienerberger.com | Z75: Bauvier | AA75: Carinne | AB75: 06 44 44 44 44 | AC75: carinne.bauvier@wienerberger.com | AE75: Benne 5m3 | AF75: BENNE | AH75: Benne ouverte haute acier 5m3 | AI75: 5m3 | AJ75: 1 | AK75: Propriétaire | AO75: non concerné | AP75: non concerné | BG75: Chimirec Est | BH75: 39 933 934 000 016 | BI75: ZI La Haie Sorette 54450 Domjevin | BJ75: TR545642019 | BL75: Camion | BM75: Luc | BN75: 05 44 44 44 44 | BO75: l.c@transpo.fr | BQ75: lechateau | BR75: Laurent | BS75: 09 09 09 09 09 | BT75: lefifi@lemail.fr | BV75: Chimirec Est | BW75: ############# | BX75: ZI La Haie Sorette 54450 Domjevin | BZ75: R12 | CB75: Legrand | CC75: Marcel | CD75: 33 33 33 33 33 | CE75: legrand@marcel.fr | CG75: Autorisation par arrêté préfectoral, à une rupture de traçabilité pour ce déchet | CH75: 33 818 576 200 048 | CI75: 74 quai Jacoutot 67000 Strasbourg | CK75: R1 | CL75: Valorisation | CN75: Lepoint | CO75: Martin | CP75: 87 56 76 87 98 | CQ75: lepoint@outlook.fr
A76: Usine Seltz | B76: 54850098200267 | C76: 25 rue de la Gare 67470 Seltz | E76: Déchets Métalliques | F76: 17 04 07 | H76: denomination_ced | I76: SOLID | J76: WEE2839016 | L76: non concerné | M76: non concerné | N76: non concerné | O76: non concerné | P76: non concerné | T76: Wienerberger | U76: Baumert | V76: Laura | W76: 06 12 33 76 40 | X76: laura.baumert@wienerberger.com | Z76: Bauvier | AA76: Carinne | AB76: 06 44 44 44 44 | AC76: carinne.bauvier@wienerberger.com | AE76: Benne 5m3 | AF76: BENNE | AH76: Benne ouverte haute acier 5m3 | AI76: 5m3 | AJ76: 1 | AK76: Location | AL76: Veolia | AM76: 4534434536433453 | AO76: non concerné | AP76: non concerné | BG76: SAS Transenvironnement | BH76: 50 390 796 600 017 | BI76: La Guerre 14540 Castine En Plaine | BJ76: 2020/24 | BL76: Camion | BM76: Luc | BN76: 05 44 44 44 44 | BO76: l.c@transpo.fr | BQ76: lechateau | BR76: Laurent | BS76: 09 09 09 09 09 | BT76: lefifi@lemail.fr | BV76: ESKA Derichebourg | BW76: ############# | BX76: Rue de Riedseltz Altenstadt 67160 Wissembourg | BZ76: R13 | CB76: Legrand | CC76: Marcel | CD76: 33 33 33 33 33 | CE76: legrand@marcel.fr | CG76: ESKA Derichebourg | CH76: 65 382 053 001 073 | CI76: Rue de Riedseltz Altenstadt 67160 Wissembourg | CK76: R4 | CL76: Recyclage | CN76: Lepoint | CO76: Martin | CP76: 87 56 76 87 98 | CQ76: lepoint@outlook.fr
A77: Usine Seltz | B77: 54850098200267 | C77: 25 rue de la Gare 67470 Seltz | E77: Autres Déchets Industriels | F77: 17 06 03* | H77: denomination_ced | I77: SOLID | J77: WEE2839017 | L77: UN 1776, acide chlorhydrique, 8, II, (E) | M77: 1776 | N77: acide chlorhydrique | O77: 7 | P77: II | T77: Wienerberger | U77: Baumert | V77: Laura | W77: 06 12 33 76 40 | X77: laura.baumert@wienerberger.com | Z77: Bauvier | AA77: Carinne | AB77: 06 44 44 44 44 | AC77: carinne.bauvier@wienerberger.com | AE77: Benne 5m3 | AF77: BENNE | AH77: Benne ouverte haute acier 5m3 | AI77: 5m3 | AJ77: 1 | AK77: Location | AL77: Veolia | AM77: 4534434536433453 | AO77: non concerné | AP77: non concerné | BG77: Chimirec Est | BH77: 39 933 934 000 016 | BI77: ZI La Haie Sorette 54450 Domjevin | BJ77: TR545642019 | BL77: Camion | BM77: Luc | BN77: 05 44 44 44 44 | BO77: l.c@transpo.fr | BQ77: lechateau | BR77: Laurent | BS77: 09 09 09 09 09 | BT77: lefifi@lemail.fr | BV77: Chimirec Est | BW77: ############# | BX77: ZI La Haie Sorette 54450 Domjevin | BZ77: D15 | CB77: Legrand | CC77: Marcel | CD77: 33 33 33 33 33 | CE77: legrand@marcel.fr | CG77: Suez RR IWS Minerals France | CH77: 43331348300177 | CI77: 14 rte de Moivrons 54114 Jeandelaincourt | CK77: D5 | CL77: Elimination | CN77: Lepoint | CO77: Martin | CP77: 87 56 76 87 98 | CQ77: lepoint@outlook.fr
A78: Usine Seltz | B78: 54850098200267 | C78: 25 rue de la Gare 67470 Seltz | E78: Déchets LIQUIDs et Eaux Usées | F78: 20 03 04 | H78: denomination_ced | I78: LIQUID | J78: WEE2839018 | L78: non concerné | M78: non concerné | N78: non concerné | O78: non concerné | P78: non concerné | T78: Wienerberger | U78: Baumert | V78: Laura | W78: 06 12 33 76 40 | X78: laura.baumert@wienerberger.com | Z78: Bauvier | AA78: Carinne | AB78: 06 44 44 44 44 | AC78: carinne.bauvier@wienerberger.com | AE78: Benne 5m3 | AF78: BENNE | AH78: Benne ouverte haute acier 5m3 | AI78: 5m3 | AJ78: 1 | AK78: Location | AL78: Veolia | AM78: 4534434536433453 | AO78: non concerné | AP78: non concerné | BG78: ATIC SA | BH78: 30 002 217 500 107 | BI78: 3 rue de l'Uranium 67802 Bischheim | BJ78: 2167013 | BL78: Camion | BM78: Luc | BN78: 05 44 44 44 44 | BO78: l.c@transpo.fr | BQ78: lechateau | BR78: Laurent | BS78: 09 09 09 09 09 | BT78: lefifi@lemail.fr | BV78: ATIC SA | BW78: ############# | BX78: 3 rue de l'Uranium 67802 Bischheim | BZ78: D13 | CB78: Legrand | CC78: Marcel | CD78: 33 33 33 33 33 | CE78: legrand@marcel.fr | CG78: Sovees | CH78: 81 750 259 400 036 | CI78: Route du Glaserwoerth 67000 Strasbourg | CK78: D8 | CL78: Elimination (incinération) | CN78: Lepoint | CO78: Martin | CP78: 87 56 76 87 98 | CQ78: lepoint@outlook.fr
A79: Usine Seltz | B79: 54850098200267 | C79: 25 rue de la Gare 67470 Seltz | E79: Déchets LIQUIDs et Eaux Usées | F79: 20 03 04 | H79: denomination_ced | I79: LIQUID | J79: WEE2839019 | L79: non concerné | M79: non concerné | N79: non concerné | O79: non concerné | P79: non concerné | R79: 5 rue des fous 65500 Lille | T79: Wienerberger | U79: Baumert | V79: Laura | W79: 06 12 33 76 40 | X79: laura.baumert@wienerberger.com | Z79: Bauvier | AA79: Carinne | AB79: 06 44 44 44 44 | AC79: carinne.bauvier@wienerberger.com | AE79: GRV | AF79: GRV | AH79: Grand Récipient Pour Vrac | AI79: 1000L | AJ79: 1 | AK79: Location | AL79: Veolia | AM79: 4534434536433453 | AO79: non concerné | AP79: non concerné | BG79: ATIC SA | BH79: 30 002 217 500 107 | BI79: 3 rue de l'Uranium 67802 Bischheim | BJ79: 2167013 | BL79: Camion | BM79: Luc | BN79: 05 44 44 44 44 | BO79: l.c@transpo.fr | BQ79: lechateau | BR79: Laurent | BS79: 09 09 09 09 09 | BT79: lefifi@lemail.fr | BV79: ATIC SA | BW79: ############# | BX79: 3 rue de l'Uranium 67802 Bischheim | BZ79: D13 | CB79: Legrand | CC79: Marcel | CD79: 33 33 33 33 33 | CE79: legrand@marcel.fr | CG79: Station d'épuration | CH79: 20 006 787 400 079 | CI79: Rue du Château Fiat 67470 Haguenau | CK79: D8/R10 | CL79: Elimination / sous-produits compostage | CN79: Lepoint | CO79: Martin | CP79: 87 56 76 87 98 | CQ79: lepoint@outlook.fr
A80: Usine Seltz | B80: 54850098200267 | C80: 25 rue de la Gare 67470 Seltz | E80: Huiles et Lubrifiants Usagés | F80: 13 02 08* | H80: denomination_ced | I80: LIQUID | J80: WEE2839020 | L80: UN 1776, acide chlorhydrique, 8, II, (E) | M80: 1776 | N80: acide chlorhydrique | O80: 7 | P80: II | R80: 5 rue des fous 65500 Lille | T80: Wienerberger | U80: Baumert | V80: Laura | W80: 06 12 33 76 40 | X80: laura.baumert@wienerberger.com | Z80: Bauvier | AA80: Carinne | AB80: 06 44 44 44 44 | AC80: carinne.bauvier@wienerberger.com | AE80: GRV | AF80: GRV | AH80: Grand Récipient Pour Vrac | AI80: 1000L | AJ80: 1 | AK80: Location | AL80: Veolia | AM80: 4534434536433453 | AO80: non concerné | AP80: non concerné | BG80: Chimirec Est | BH80: 39 933 934 000 016 | BI80: ZI La Haie Sorette 54450 Domjevin | BJ80: TR545642019 | BL80: Camion | BM80: Luc | BN80: 05 44 44 44 44 | BO80: l.c@transpo.fr | BQ80: lechateau | BR80: Laurent | BS80: 09 09 09 09 09 | BT80: lefifi@lemail.fr | BV80: Chimirec Est | BW80: ############# | BX80: ZI La Haie Sorette 54450 Domjevin | BZ80: R12 | CB80: Legrand | CC80: Marcel | CD80: 33 33 33 33 33 | CE80: legrand@marcel.fr | CG80: Autorisation par arrêté préfectoral, à une rupture de traçabilité pour ce déchet | CK80: R1 | CL80: Valorisation | CN80: Lepoint | CO80: Martin | CP80: 87 56 76 87 98 | CQ80: lepoint@outlook.fr
A81: Usine Seltz | B81: 54850098200267 | C81: 25 rue de la Gare 67470 Seltz | E81: Autres Déchets Industriels | F81: 15 02 02* | G81: Matériels souillés standards (fûts) | H81: denomination_ced | I81: SOLID | J81: WEE2839021 | L81: UN 1776, acide chlorhydrique, 8, II, (E) | M81: 1776 | N81: acide chlorhydrique | O81: 7 | P81: II | T81: Wienerberger | U81: Baumert | V81: Laura | W81: 06 12 33 76 40 | X81: laura.baumert@wienerberger.com | Z81: Bauvier | AA81: Carinne | AB81: 06 44 44 44 44 | AC81: carinne.bauvier@wienerberger.com | AE81: Fûts | AF81: FUT | AH81: Fût acier 200L | AI81: 200L | AJ81: 3 | AK81: Location | AL81: Veolia | AM81: 4534434536433453 | AO81: non concerné | AP81: non concerné | BG81: Chimirec Est | BH81: 39 933 934 000 016 | BI81: ZI La Haie Sorette 54450 Domjevin | BJ81: TR545642019 | BL81: Camion | BM81: Luc | BN81: 05 44 44 44 44 | BO81: l.c@transpo.fr | BQ81: lechateau | BR81: Laurent | BS81: 09 09 09 09 09 | BT81: lefifi@lemail.fr | BV81: Chimirec Est | BW81: ############# | BX81: ZI La Haie Sorette 54450 Domjevin | BZ81: R12 | CB81: Legrand | CC81: Marcel | CD81: 33 33 33 33 33 | CE81: legrand@marcel.fr | CG81: Autorisation par arrêté préfectoral, à une rupture de traçabilité pour ce déchet | CK81: R1 | CL81: Valorisation | CN81: Lepoint | CO81: Martin | CP81: 87 56 76 87 98 | CQ81: lepoint@outlook.fr
A82: Usine Seltz | B82: 54850098200267 | C82: 25 rue de la Gare 67470 Seltz | E82: Autres Déchets Industriels | F82: 15 02 02* | G82: Matériels souillés standards (fûts) | H82: denomination_ced | I82: SOLID | J82: WEE2839022 | L82: UN 1776, acide chlorhydrique, 8, II, (E) | M82: 1776 | N82: acide chlorhydrique | O82: 7 | P82: II | T82: Wienerberger | U82: Baumert | V82: Laura | W82: 06 12 33 76 40 | X82: laura.baumert@wienerberger.com | Z82: Bauvier | AA82: Carinne | AB82: 06 44 44 44 44 | AC82: carinne.bauvier@wienerberger.com | AE82: Fûts | AF82: FUT | AH82: Fût acier 200L | AI82: 200L | AJ82: 3 | AK82: Location | AL82: Veolia | AM82: 4534434536433453 | AO82: non concerné | AP82: non concerné | BG82: Chimirec Est | BH82: 39 933 934 000 016 | BI82: ZI La Haie Sorette 54450 Domjevin | BJ82: TR547592024 | BL82: Camion | BM82: Luc | BN82: 05 44 44 44 44 | BO82: l.c@transpo.fr | BQ82: lechateau | BR82: Laurent | BS82: 09 09 09 09 09 | BT82: lefifi@lemail.fr | BV82: Chimirec Est | BW82: ############# | BX82: ZI La Haie Sorette 54450 Domjevin | BZ82: R12 | CB82: Legrand | CC82: Marcel | CD82: 33 33 33 33 33 | CE82: legrand@marcel.fr | CG82: Autorisation par arrêté préfectoral, à une rupture de traçabilité pour ce déchet | CK82: R1 | CL82: Valorisation | CN82: Lepoint | CO82: Martin | CP82: 87 56 76 87 98 | CQ82: lepoint@outlook.fr
A83: Usine Seltz | B83: 54850098200267 | C83: 25 rue de la Gare 67470 Seltz | E83: Autres Déchets Industriels | F83: 15 02 02* | G83: Matériels souillés standards (GRV) | H83: denomination_ced | I83: SOLID | J83: WEE2839023 | L83: UN 1776, acide chlorhydrique, 8, II, (E) | M83: 1776 | N83: acide chlorhydrique | O83: 7 | P83: II | T83: Wienerberger | U83: Baumert | V83: Laura | W83: 06 12 33 76 40 | X83: laura.baumert@wienerberger.com | Z83: Bauvier | AA83: Carinne | AB83: 06 44 44 44 44 | AC83: carinne.bauvier@wienerberger.com | AE83: GRV | AF83: GRV | AH83: Grand Récipient Pour Vrac | AI83: 1000L | AJ83: 2 | AK83: Location | AL83: Veolia | AM83: 4534434536433453 | AO83: non concerné | AP83: non concerné | BG83: Chimirec Est | BH83: 39 933 934 000 016 | BI83: ZI La Haie Sorette 54450 Domjevin | BJ83: TR545642019 | BL83: Camion | BM83: Luc | BN83: 05 44 44 44 44 | BO83: l.c@transpo.fr | BQ83: lechateau | BR83: Laurent | BS83: 09 09 09 09 09 | BT83: lefifi@lemail.fr | BV83: Chimirec Est | BW83: ############# | BX83: ZI La Haie Sorette 54450 Domjevin | BZ83: R12 | CB83: Legrand | CC83: Marcel | CD83: 33 33 33 33 33 | CE83: legrand@marcel.fr | CG83: Autorisation par arrêté préfectoral, à une rupture de traçabilité pour ce déchet | CK83: R1 | CL83: Valorisation | CN83: Lepoint | CO83: Martin | CP83: 87 56 76 87 98 | CQ83: lepoint@outlook.fr
A84: Usine Seltz | B84: 54850098200267 | C84: 25 rue de la Gare 67470 Seltz | E84: Autres Déchets Industriels | F84: 15 02 02* | G84: Matériels souillés standards (GRV) | H84: denomination_ced | I84: SOLID | J84: WEE2839024 | L84: UN 1776, acide chlorhydrique, 8, II, (E) | M84: 1776 | N84: acide chlorhydrique | O84: 7 | P84: II | T84: Wienerberger | U84: Baumert | V84: Laura | W84: 06 12 33 76 40 | X84: laura.baumert@wienerberger.com | Z84: Bauvier | AA84: Carinne | AB84: 06 44 44 44 44 | AC84: carinne.bauvier@wienerberger.com | AE84: GRV | AF84: GRV | AH84: Grand Récipient Pour Vrac | AI84: 1000L | AJ84: 2 | AK84: Location | AL84: Veolia | AM84: 4534434536433453 | AO84: non concerné | AP84: non concerné | BG84: Chimirec Est | BH84: 39 933 934 000 016 | BI84: ZI La Haie Sorette 54450 Domjevin | BJ84: TR547592024 | BL84: Camion | BM84: Luc | BN84: 05 44 44 44 44 | BO84: l.c@transpo.fr | BQ84: lechateau | BR84: Laurent | BS84: 09 09 09 09 09 | BT84: lefifi@lemail.fr | BV84: Chimirec Est | BW84: ############# | BX84: ZI La Haie Sorette 54450 Domjevin | BZ84: R12 | CB84: Legrand | CC84: Marcel | CD84: 33 33 33 33 33 | CE84: legrand@marcel.fr | CG84: Autorisation par arrêté préfectoral, à une rupture de traçabilité pour ce déchet | CK84: R1 | CL84: Valorisation | CN84: Lepoint | CO84: Martin | CP84: 87 56 76 87 98 | CQ84: lepoint@outlook.fr
A85: Usine Seltz | B85: 54850098200267 | C85: 25 rue de la Gare 67470 Seltz | E85: Autres Déchets Industriels | F85: 08 01 11* | G85: Matières apparentées à la peinture (fût) | H85: denomination_ced | I85: LIQUID | J85: WEE2839025 | L85: UN 1776, acide chlorhydrique, 8, II, (E) | M85: 1776 | N85: acide chlorhydrique | O85: 7 | P85: II | T85: Wienerberger | U85: Baumert | V85: Laura | W85: 06 12 33 76 40 | X85: laura.baumert@wienerberger.com | Z85: Bauvier | AA85: Carinne | AB85: 06 44 44 44 44 | AC85: carinne.bauvier@wienerberger.com | AE85: Fûts | AF85: FUT | AH85: Fût acier 200L | AI85: 200L | AJ85: 3 | AK85: Location | AL85: Veolia | AM85: 4534434536433453 | AO85: non concerné | AP85: non concerné | BG85: Chimirec Est | BH85: 39 933 934 000 016 | BI85: ZI La Haie Sorette 54450 Domjevin | BJ85: TR547592024 | BL85: Camion | BM85: Luc | BN85: 05 44 44 44 44 | BO85: l.c@transpo.fr | BQ85: lechateau | BR85: Laurent | BS85: 09 09 09 09 09 | BT85: lefifi@lemail.fr | BV85: Chimirec Est | BW85: ############# | BX85: ZI La Haie Sorette 54450 Domjevin | BZ85: R12 | CB85: Legrand | CC85: Marcel | CD85: 33 33 33 33 33 | CE85: legrand@marcel.fr | CG85: Autorisation par arrêté préfectoral, à une rupture de traçabilité pour ce déchet | CK85: R1 | CL85: Valorisation | CN85: Lepoint | CO85: Martin | CP85: 87 56 76 87 98 | CQ85: lepoint@outlook.fr
A86: Usine Seltz | B86: 54850098200267 | C86: 25 rue de la Gare 67470 Seltz | E86: Autres Déchets Industriels | F86: 08 01 11* | G86: Matières apparentées à la peinture (GRV) | H86: denomination_ced | I86: LIQUID | J86: WEE2839026 | L86: UN 1776, acide chlorhydrique, 8, II, (E) | M86: 1776 | N86: acide chlorhydrique | O86: 7 | P86: II | T86: Wienerberger | U86: Baumert | V86: Laura | W86: 06 12 33 76 40 | X86: laura.baumert@wienerberger.com | Z86: Bauvier | AA86: Carinne | AB86: 06 44 44 44 44 | AC86: carinne.bauvier@wienerberger.com | AE86: GRV | AF86: GRV | AH86: Grand Récipient Pour Vrac | AI86: 1000L | AJ86: 4 | AK86: Location | AL86: Veolia | AM86: 4534434536433453 | AO86: non concerné | AP86: non concerné | BG86: Chimirec Est | BH86: 39 933 934 000 016 | BI86: ZI La Haie Sorette 54450 Domjevin | BJ86: TR547592024 | BL86: Camion | BM86: Luc | BN86: 05 44 44 44 44 | BO86: l.c@transpo.fr | BQ86: lechateau | BR86: Laurent | BS86: 09 09 09 09 09 | BT86: lefifi@lemail.fr | BV86: Chimirec Est | BW86: ############# | BX86: ZI La Haie Sorette 54450 Domjevin | BZ86: D13 | CB86: Legrand | CC86: Marcel | CD86: 33 33 33 33 33 | CE86: legrand@marcel.fr | CG86: Autorisation par arrêté préfectoral, à une rupture de traçabilité pour ce déchet | CK86: D10 | CL86: Elimination | CN86: Lepoint | CO86: Martin | CP86: 87 56 76 87 98 | CQ86: lepoint@outlook.fr
A87: Usine Seltz | B87: 54850098200267 | C87: 25 rue de la Gare 67470 Seltz | E87: Déchets Métalliques | F87: 20 01 36 | H87: denomination_ced | I87: SOLID | J87: WEE2839027 | L87: non concerné | M87: non concerné | N87: non concerné | O87: non concerné | P87: non concerné | T87: Wienerberger | U87: Baumert | V87: Laura | W87: 06 12 33 76 40 | X87: laura.baumert@wienerberger.com | Z87: Bauvier | AA87: Carinne | AB87: 06 44 44 44 44 | AC87: carinne.bauvier@wienerberger.com | AE87: GRV | AF87: GRV | AH87: Grand Récipient Pour Vrac | AI87: 1000L | AJ87: 4 | AK87: Location | AL87: Veolia | AM87: 4534434536433453 | AO87: non concerné | AP87: non concerné | BG87: SAS Transenvironnement | BH87: 50 390 796 600 017 | BI87: La Guerre 14540 Castine En Plaine | BJ87: 2020/24 | BL87: Camion | BM87: Luc | BN87: 05 44 44 44 44 | BO87: l.c@transpo.fr | BQ87: lechateau | BR87: Laurent | BS87: 09 09 09 09 09 | BT87: lefifi@lemail.fr | BV87: ESKA Derichebourg | BW87: ############# | BX87: Rue de Riedseltz Altenstadt 67160 Wissembourg | BZ87: R13 | CB87: Legrand | CC87: Marcel | CD87: 33 33 33 33 33 | CE87: legrand@marcel.fr | CG87: ESKA Derichebourg | CH87: 65 382 053 001 073 | CI87: Rue de Riedseltz Altenstadt 67160 Wissembourg | CK87: R4 | CL87: Recyclage | CN87: Lepoint | CO87: Martin | CP87: 87 56 76 87 98 | CQ87: lepoint@outlook.fr
A88: Usine Seltz | B88: 54850098200267 | C88: 25 rue de la Gare 67470 Seltz | E88: Non classifié | F88: 15 01 01 | G88: Papier, carton (benne 15m3) | H88: denomination_ced | I88: SOLID | J88: WEE2839028 | L88: non concerné | M88: non concerné | N88: non concerné | O88: non concerné | P88: non concerné | T88: Wienerberger | U88: Baumert | V88: Laura | W88: 06 12 33 76 40 | X88: laura.baumert@wienerberger.com | Z88: Bauvier | AA88: Carinne | AB88: 06 44 44 44 44 | AC88: carinne.bauvier@wienerberger.com | AE88: GRV | AF88: GRV | AH88: Grand Récipient Pour Vrac | AI88: 1000L | AJ88: 4 | AK88: Location | AL88: Veolia | AM88: 4534434536433453 | AO88: non concerné | AP88: non concerné | BG88: SUEZ RV Nord Est | BH88: 50 472 678 700 030 | BI88: 13 Route de Rohrshollen 67100 Strasbourg | BJ88: 2167061 | BL88: Camion | BM88: Luc | BN88: 05 44 44 44 44 | BO88: l.c@transpo.fr | BQ88: lechateau | BR88: Laurent | BS88: 09 09 09 09 09 | BT88: lefifi@lemail.fr | BV88: EDIB | BW88: ############# | BX88: Quai du Canal 67270 Hochfelden | BZ88: R12 | CB88: Legrand | CC88: Marcel | CD88: 33 33 33 33 33 | CE88: legrand@marcel.fr | CG88: EDIB | CH88: 30 223 694 800 030 | CI88: Quai du Canal 67270 Hochfelden | CK88: R5 | CL88: Recyclage | CN88: Lepoint | CO88: Martin | CP88: 87 56 76 87 98 | CQ88: lepoint@outlook.fr
A89: Usine Seltz | B89: 54850098200267 | C89: 25 rue de la Gare 67470 Seltz | E89: Non classifié | F89: 15 01 01 | G89: Papier, carton (borne 5m3) | H89: denomination_ced | I89: SOLID | J89: WEE2839029 | L89: non concerné | M89: non concerné | N89: non concerné | O89: non concerné | P89: non concerné | T89: Wienerberger | U89: Baumert | V89: Laura | W89: 06 12 33 76 40 | X89: laura.baumert@wienerberger.com | Z89: Bauvier | AA89: Carinne | AB89: 06 44 44 44 44 | AC89: carinne.bauvier@wienerberger.com | AE89: Benne 5m3 | AF89: BENNE | AH89: Benne ouverte haute acier 5m3 | AI89: 5m3 | AJ89: 1 | AK89: Location | AL89: Veolia | AM89: 4534434536433453 | AO89: non concerné | AP89: non concerné | BG89: SUEZ RV Nord Est | BH89: 50 472 678 700 030 | BI89: 13 Route de Rohrshollen 67100 Strasbourg | BJ89: 2167061 | BL89: Camion | BM89: Luc | BN89: 05 44 44 44 44 | BO89: l.c@transpo.fr | BQ89: lechateau | BR89: Laurent | BS89: 09 09 09 09 09 | BT89: lefifi@lemail.fr | BV89: Sardi | BW89: ############# | BX89: Rue des Frères Lumières 67170 Brumath | BZ89: R5 | CB89: Legrand | CC89: Marcel | CD89: 33 33 33 33 33 | CE89: legrand@marcel.fr | CG89: Sardi | CH89: 35 238 105 700 038 | CI89: Rue des Frères Lumières 67170 Brumath | CK89: R5 | CL89: Recyclage | CN89: Lepoint | CO89: Martin | CP89: 87 56 76 87 98 | CQ89: lepoint@outlook.fr
A90: Usine Seltz | B90: 54850098200267 | C90: 25 rue de la Gare 67470 Seltz | E90: Déchets de Bois et Papier | F90: 10 12 06 / 10 13 99 | H90: denomination_ced | I90: SOLID | J90: WEE2839030 | L90: non concerné | M90: non concerné | N90: non concerné | O90: non concerné | P90: non concerné | T90: Wienerberger | U90: Baumert | V90: Laura | W90: 06 12 33 76 40 | X90: laura.baumert@wienerberger.com | Z90: Bauvier | AA90: Carinne | AB90: 06 44 44 44 44 | AC90: carinne.bauvier@wienerberger.com | AE90: Benne 5m3 | AF90: BENNE | AH90: Benne ouverte haute acier 5m3 | AI90: 5m3 | AJ90: 1 | AK90: Location | AL90: Veolia | AM90: 4534434536433453 | AO90: non concerné | AP90: non concerné | BG90: SUEZ RV Nord Est | BH90: 50 472 678 700 030 | BI90: 13 Route de Rohrshollen 67100 Strasbourg | BJ90: 2167061 | BL90: Camion | BM90: Luc | BN90: 05 44 44 44 44 | BO90: l.c@transpo.fr | BQ90: lechateau | BR90: Laurent | BS90: 09 09 09 09 09 | BT90: lefifi@lemail.fr | CG90: Ritleng Revalorisations | CH90: 53 457 434 800 015 | CI90: Lieu dit Gaensweid 67270 Rohr | CK90: R3 | CL90: Recyclage | CN90: Lepoint | CO90: Martin | CP90: 87 56 76 87 98 | CQ90: lepoint@outlook.fr
A91: Usine Seltz | B91: 54850098200267 | C91: 25 rue de la Gare 67470 Seltz | E91: Autres Déchets Industriels | F91: 16 07 99 | G91: Résidus du nettoyage cuve d'engobes | H91: denomination_ced | I91: LIQUID | J91: WEE2839031 | L91: non concerné | M91: non concerné | N91: non concerné | O91: non concerné | P91: non concerné | T91: Wienerberger | U91: Baumert | V91: Laura | W91: 06 12 33 76 40 | X91: laura.baumert@wienerberger.com | Z91: Bauvier | AA91: Carinne | AB91: 06 44 44 44 44 | AC91: carinne.bauvier@wienerberger.com | AE91: Benne 5m3 | AF91: BENNE | AH91: Benne ouverte haute acier 5m3 | AI91: 5m3 | AJ91: 1 | AK91: Location | AL91: Veolia | AM91: 4534434536433453 | AO91: non concerné | AP91: non concerné | BG91: ATIC SA | BH91: 30 002 217 500 107 | BI91: 3 rue de l'Uranium 67802 Bischheim | BJ91: 2167013 | BL91: Camion | BM91: Luc | BN91: 05 44 44 44 44 | BO91: l.c@transpo.fr | BQ91: lechateau | BR91: Laurent | BS91: 09 09 09 09 09 | BT91: lefifi@lemail.fr | BV91: ATIC SA | BW91: ############# | BX91: 3 rue de l'Uranium 67802 Bischheim | BZ91: R13 | CB91: Legrand | CC91: Marcel | CD91: 33 33 33 33 33 | CE91: legrand@marcel.fr | CG91: Lingenheld Environnement | CH91: 38535103600012 | CI91: Chemin du Hitzthal 67203 Oberschaeffolsheim | CK91: R5 | CL91: Recyclage | CN91: Lepoint | CO91: Martin | CP91: 87 56 76 87 98 | CQ91: lepoint@outlook.fr
A92: Usine Seltz | B92: 54850098200267 | C92: 25 rue de la Gare 67470 Seltz | E92: Déchets Bâtiment et Construction | F92: 20 03 06 | G92: Sables de curage (nettoyage avaloirs et caniveaux) | H92: denomination_ced | I92: SOLID | J92: WEE2839032 | L92: non concerné | M92: non concerné | N92: non concerné | O92: non concerné | P92: non concerné | T92: Wienerberger | U92: Baumert | V92: Laura | W92: 06 12 33 76 40 | X92: laura.baumert@wienerberger.com | Z92: Bauvier | AA92: Carinne | AB92: 06 44 44 44 44 | AC92: carinne.bauvier@wienerberger.com | AE92: Benne 5m3 | AF92: BENNE | AH92: Benne ouverte haute acier 5m3 | AI92: 5m3 | AJ92: 1 | AK92: Location | AL92: Veolia | AM92: 4534434536433453 | AO92: non concerné | AP92: non concerné | BG92: ATIC SA | BH92: 30 002 217 500 107 | BI92: 3 rue de l'Uranium 67802 Bischheim | BJ92: 2167013 | BL92: Camion | BM92: Luc | BN92: 05 44 44 44 44 | BO92: l.c@transpo.fr | BQ92: lechateau | BR92: Laurent | BS92: 09 09 09 09 09 | BT92: lefifi@lemail.fr | BV92: ATIC SA | BW92: ############# | BX92: 3 rue de l'Uranium 67802 Bischheim | BZ92: R13 | CB92: Legrand | CC92: Marcel | CD92: 33 33 33 33 33 | CE92: legrand@marcel.fr | CG92: Lingenheld Environnement | CH92: 38 535 103 600 012 | CI92: Chemin du Hitzthal 67203 Oberschaeffolsheim | CK92: R5 | CL92: Recyclage | CN92: Lepoint | CO92: Martin | CP92: 87 56 76 87 98 | CQ92: lepoint@outlook.fr

Sheet Site N°1
B2: FLEAP | C2: Wienerberger - Filières par site
B4: Nom usuel du site: | C4: Usine Achenheim | G4: SIRET: | H4: 54850098200044 | J4: Adresse: | K4: 5 rue du Canal 67204 Achenheim | N4: Identifiant GEREP :
B6: Filières de déchets | G6: (déchets dangereux) | M6: Personne de référence (Suivi de BSD) | R6: Personne de référence (Partie opérationnelle) | W6: Contenants | AE6: Éco-organisme associé | AH6: Négociant et Courtier | AM6: Personne de référence (Suivi de BSD) | AR6: Personne de référence (Demande de collecte) | AW6: Transporteur | BB6: Personne de référence (Suivi de BSD) | BG6: Personne de référence (Demande de collecte) | BL6: Installation intermediaire | BR6: Personne de référence (Suivi de BSD) | BW6: Prestataire final | CD6: Personne de référence (Suivi de BSD)
B7: Nom usuel de la filière | C7: Code CED inclus dans la filières | D7: Description déchet | E7: Numéro de CAP | G7: Mention ADR | H7: Code ONU | I7: Dénomination ADR | J7: Classe de danger | K7: Groupe d’emballage | M7: Nom | N7: Prénom | O7: Numéro de téléphone | P7: Email | R7: Nom | S7: Prénom | T7: Numéro de téléphone | U7: Email | W7: Nom usuel du contenant | X7: Code identifiant du contenant | Y7: Description du contenant | Z7: Volume unitaire du contenant | AA7: Nombre de contenants (information indicative) | AB7: Propriétaire / Sous contrat de location | AC7: (Si location) Prestatiaire de location du contenant | AE7: Nom usuel de l'éco-organisme | AF7: SIRET | AH7: Nom usuel du prestataire | AI7: SIRET | AJ7: Adresse | AK7: N° de récipissé | AM7: Nom | AN7: Prénom | AO7: Numéro de téléphone | AP7: Email | AR7: Nom | AS7: Prénom | AT7: Numéro de téléphone | AU7: Email | AW7: Nom usuel du prestataire | AX7: SIRET | AY7: Adresse | AZ7: N° de récipissé | BB7: Nom | BC7: Prénom | BD7: Numéro de téléphone | BE7: Email | BG7: Nom | BH7: Prénom | BI7: Numéro de téléphone | BJ7: Email | BL7: Nom usuel du prestataire | BM7: SIRET | BN7: Adresse | BO7: N° de récipissé | BP7: Code de traitement | BR7: Nom | BS7: Prénom | BT7: Numéro de téléphone | BU7: Email | BW7: Nom usuel du prestataire | BX7: SIRET | BY7: Adresse | BZ7: N° de récipissé | CA7: Code de traitement | CB7: Qualification du traitement final | CD7: Nom | CE7: Prénom | CF7: Numéro de téléphone | CG7: Email
B8: Aérosols | C8: 16 05 04* | M8: Baumert | N8: Laura | O8: +33 (0) 6 12 33 76 40 | P8: laura.baumert@wienerberger.com | AE8: non concerné | AF8: non concerné | AH8: Chimirec Est | AI8: 39933934000016 | AK8: NC 54 173 2023 | AW8: Chimirec Est | AX8: 39933934000016 | AY8: ZI La Haie Sorette 54450 Domjevin | AZ8: TR547592024 | BL8: Chimirec Est | BM8: 39933934000016 | BN8: ZI La Haie Sorette 54450 Domjevin | BP8: R12 | BW8: Autorisation par arrêté préfectoral, à une rupture de traçabilité pour ce déchet | CA8: R4 | CB8: Recyclage
B9: Bois | C9: 15 01 03 | G9: non concerné | H9: non concerné | I9: non concerné | J9: non concerné | K9: non concerné | M9: Baumert | N9: Laura | O9: +33 (0) 6 12 33 76 41 | P9: laura.baumert@wienerberger.com | AE9: non concerné | AF9: non concerné | AH9: Suez | AI9: 50472678700030 | AK9: 2167061 | AW9: Suez | AX9: 50472678700030 | AY9: 13 route de Rohrshollen 67100 Strasbourg | AZ9: 2167061 | BL9: SARDI | BM9: 35238105700038 | BN9: 15 route du Rohrschollen 67000 Strasbourg | BP9: R5 | BW9: SARDI | BX9: 35238105700038 | BY9: 15 route du Rohrschollen 67000 Strasbourg | CA9: R5 | CB9: Recyclage
B10: Boues séparateurs | C10: 13 05 02* | D10: Boues de séparateurs - eaux/hydrocarbures | M10: Baumert | N10: Laura | O10: +33 (0) 6 12 33 76 42 | P10: laura.baumert@wienerberger.com | AE10: non concerné | AF10: non concerné
B11: Plastiques & canettes | C11: 15 01 06 | D11: Bouteilles plastiques et canettes | G11: non concerné | H11: non concerné | I11: non concerné | J11: non concerné | K11: non concerné | M11: Baumert | N11: Laura | O11: +33 (0) 6 12 33 76 43 | P11: laura.baumert@wienerberger.com | AE11: non concerné | AF11: non concerné | AH11: Schroll | AI11: 32519337300017 | AK11: 2067081 | AW11: Schroll | AX11: 32519337300017 | AY11: 6 rue de Cherbourg 67100 Strasbourg | AZ11: 2067081 | BL11: Schroll | BM11: 32519337300017 | BN11: 6 rue de Cherbourg 67100 Strasbourg | BP11: R5 | BW11: Schroll | BX11: 32519337300017 | BY11: 6 rue de Cherbourg 67100 Strasbourg | CA11: R5 | CB11: Recyclage
B12: Cartouches d'encres | C12: 15 01 10* | D12: (salle archives garage) | M12: Baumert | N12: Laura | O12: +33 (0) 6 12 33 76 44 | P12: laura.baumert@wienerberger.com | AE12: non concerné | AF12: non concerné | AH12: non concerné | AI12: non concerné | AK12: non concerné | AW12: EDIB | AX12: 30223694800030 | AY12: QUAI DU CANAL 67270 HOCHFELDEN | AZ12: 7540873 | BL12: EDIB | BM12: 30223694800030 | BN12: QUAI DU CANAL 67270 HOCHFELDEN | BP12: R13 | BW12: EDIB | BX12: 30223694800030 | BY12: QUAI DU CANAL 67270 HOCHFELDEN | CA12: R1 | CB12: Valorisation
B13: Condensat de fumées | C13: 10 01 18* | D13: (poudres non chlorées) | M13: Baumert | N13: Laura | O13: +33 (0) 6 12 33 76 45 | P13: laura.baumert@wienerberger.com | AE13: non concerné | AF13: non concerné | AH13: Chimirec Est | AI13: 39933934000016 | AK13: NC 54 173 2023 | AW13: Chimirec Est | AX13: 39933934000016 | AY13: ZI La Haie Sorette 54450 Domjevin | AZ13: TR547592024 | BL13: Chimirec Est | BM13: 39933934000016 | BN13: ZI La Haie Sorette 54450 Domjevin | BP13: R12 | BW13: Autorisation par arrêté préfectoral, à une rupture de traçabilité pour ce déchet | CA13: R12 | CB13: Recyclage
B14: Déblais terreux | C14: 17 05 04 | G14: non concerné | H14: non concerné | I14: non concerné | J14: non concerné | K14: non concerné | M14: Baumert | N14: Laura | O14: +33 (0) 6 12 33 76 46 | P14: laura.baumert@wienerberger.com | AE14: non concerné | AF14: non concerné | AH14: non concerné | AI14: non concerné | AK14: non concerné | AW14: Lingenheld | AX14: 38535103600053 | AY14: Carrefour Bellevue, Chemin du Hitzthal 67203 Oberschaeffolsheim | AZ14: non soumis | BL14: Lingenheld | BM14: 38535103600053 | BN14: Carrefour Bellevue, Chemin du Hitzthal 67203 Oberschaeffolsheim | BP14: R5/D1 | BW14: Lingenheld | BX14: 38535103600053 | BY14: Carrefour Bellevue, Chemin du Hitzthal 67203 Oberschaeffolsheim | CA14: R5/D1 | CB14: Valorisation (briques) + élimination (terre+DIB)
B15: Déchets hydrocarburés | C15: 16 07 08* | D15: provenant de la fosse élévateur manutention produit vert (intervention du 13/11/2023) | M15: Baumert | N15: Laura | O15: +33 (0) 6 12 33 76 47 | P15: laura.baumert@wienerberger.com | AE15: non concerné | AF15: non concerné | AH15: non concerné | AI15: non concerné | AK15: non concerné | AW15: Transports Geissel | AX15: 39002820700020 | AY15: 18 rue de l'Energie 67870 Griesheim-Près-Molsheim | AZ15: 2267008 | BL15: Evapur | BM15: 45025886800022 | BN15: 1 boucle du Carreau de la Mine 57100 Thionville | BP15: R3 | BW15: Evapur | BX15: 45025886800022 | BY15: 1 boucle du Carreau de la Mine 57100 Thionville | CA15: R3 | CB15: Recyclage
C16: 16 07 08* | D16: provenant des fosses élévateurs et de 4 bacs de rétention (intervention du 19/12/2023) | M16: Baumert | N16: Laura | O16: +33 (0) 6 12 33 76 48 | P16: laura.baumert@wienerberger.com | AE16: non concerné | AF16: non concerné | AH16: non concerné | AI16: non concerné | AK16: non concerné | AW16: Transports Geissel | AX16: 39002820700020 | AY16: 18 rue de l'Energie 67870 Griesheim-Près-Molsheim | AZ16: 2267008 | BL16: Evapur | BM16: 45025886800022 | BN16: 1 boucle du Carreau de la Mine 57100 Thionville | BP16: R3 | BW16: Evapur | BX16: 45025886800022 | BY16: 1 boucle du Carreau de la Mine 57100 Thionville | CA16: R3 | CB16: Recyclage
B17: DEEE | C17: 16 02 13* | M17: Baumert | N17: Laura | O17: +33 (0) 6 12 33 76 49 | P17: laura.baumert@wienerberger.com | AE17: non concerné | AF17: non concerné | AH17: Chimirec Est | AI17: 39933934000016 | AK17: NC 54 173 2023 | AW17: Chimirec Est | AX17: 39933934000016 | AY17: ZI La Haie Sorette 54450 Domjevin | AZ17: TR547592024 | BL17: Chimirec Est | BM17: 39933934000016 | BN17: ZI La Haie Sorette 54450 Domjevin | BP17: R12 | BW17: Autorisation par arrêté préfectoral, à une rupture de traçabilité pour ce déchet | CA17: R4 | CB17: Recyclage
B18: DIB | C18: 20 03 01 | G18: non concerné | H18: non concerné | I18: non concerné | J18: non concerné | K18: non concerné | M18: Baumert | N18: Laura | O18: +33 (0) 6 12 33 76 50 | P18: laura.baumert@wienerberger.com | AE18: non concerné | AF18: non concerné | AH18: Suez | AI18: 50472678700030 | AK18: 2167061 | AW18: Suez | AX18: 50472678700030 | AY18: 13 route de Rohrshollen 67100 Strasbourg | AZ18: 2167061 | BL18: EDIB | BM18: 30223694800048 | BN18: Route de Krautergersheim 67870 Bischoffsheim | BP18: R12/D1-D10 | BW18: EDIB | BX18: 30223694800048 | BY18: Route de Krautergersheim 67870 Bischoffsheim | CA18: R12/D1-D10 | CB18: Recyclage + élimination (selon déchets soit incinération soit mise en décharge)
C19: 20 03 01 | G19: non concerné | H19: non concerné | I19: non concerné | J19: non concerné | K19: non concerné | M19: Baumert | N19: Laura | O19: +33 (0) 6 12 33 76 51 | P19: laura.baumert@wienerberger.com | AE19: non concerné | AF19: non concerné | AH19: Suez | AI19: 50472678700030 | AK19: 2167061 | AW19: Suez | AX19: 50472678700030 | AY19: 13 route de Rohrshollen 67100 Strasbourg | AZ19: 2167061 | BL19: SARDI | BM19: 35238105700038 | BN19: 15 route du Rohrschollen 67000 Strasbourg | BP19: R1 R5 | BW19: SARDI | BX19: 35238105700038 | BY19: 15 route du Rohrschollen 67000 Strasbourg | CA19: R1 R5 | CB19: Valorisation énergétique + recyclage
B20: Eaux de lavage | C20: 12 03 01* | D20: pièces mécaniques - fontaine dégraissage | G20: non concerné | H20: non concerné | I20: non concerné | J20: non concerné | K20: non concerné | M20: Baumert | N20: Laura | O20: +33 (0) 6 12 33 76 52 | P20: laura.baumert@wienerberger.com | AE20: non concerné | AF20: non concerné | AH20: Chimirec Est | AI20: 39933934000016 | AK20: NC 54 173 2023 | AW20: Chimirec Est | AX20: 39933934000016 | AY20: ZI La Haie Sorette 54450 Domjevin | AZ20: TR547592024 | BL20: Chimirec Est | BM20: 39933934000016 | BN20: ZI La Haie Sorette 54450 Domjevin | BP20: D13 | BW20: Autorisation par arrêté préfectoral, à une rupture de traçabilité pour ce déchet | CA20: D5 | CB20: Elimination (décharge)
B21: Papier/carton | C21: 15 01 01 | D21: Emballages en papier/carton | G21: non concerné | H21: non concerné | I21: non concerné | J21: non concerné | K21: non concerné | M21: Baumert | N21: Laura | O21: +33 (0) 6 12 33 76 53 | P21: laura.baumert@wienerberger.com | AE21: non concerné | AF21: non concerné | AH21: Schroll | AI21: 32519337300017 | AK21: 2067081 | AW21: Schroll | AX21: 32519337300017 | AY21: 6 rue de Cherbourg 67100 Strasbourg | AZ21: 2067081 | BL21: Schroll | BM21: 32519337300017 | BN21: 6 rue de Cherbourg 67100 Strasbourg | BP21: R5 | BW21: Schroll | BX21: 32519337300017 | BY21: 6 rue de Cherbourg 67100 Strasbourg | CA21: R5 | CB21: Recyclage
B22: Emballages métalliques souillés | C22: 15 01 10* | D22: Emballages vides souillés métalliques (fûts 200L) | M22: Baumert | N22: Laura | O22: +33 (0) 6 12 33 76 54 | P22: laura.baumert@wienerberger.com | W22: Fûts 200L | AE22: non concerné | AF22: non concerné | AH22: Chimirec Est | AI22: 39933934000016 | AK22: NC 54 173 2023 | AW22: Chimirec Est | AX22: 39933934000016 | AY22: ZI La Haie Sorette 54450 Domjevin | AZ22: TR547592024 | BL22: Chimirec Est | BM22: 39933934000016 | BN22: ZI La Haie Sorette 54450 Domjevin | BP22: R12 | BW22: Autorisation par arrêté préfectoral, à une rupture de traçabilité pour ce déchet | CA22: R12 | CB22: Recyclage
B23: Ferrailles | C23: 17 04 07 | G23: non concerné | H23: non concerné | I23: non concerné | J23: non concerné | K23: non concerné | M23: Baumert | N23: Laura | O23: +33 (0) 6 12 33 76 55 | P23: laura.baumert@wienerberger.com | AE23: non concerné | AF23: non concerné | AH23: Eska (Derichebourg) | AI23: 55850281100182 | AK23: 2018-57-1097 | AW23: Eska (Derichebourg) | AX23: 55850281100182 | AY23: 56 rue de Metz 57130 Jouy-Aux-Arches | AZ23: 2018-57-1098 | BL23: Derichebourg | BM23: 55850281100091 | BN23: 12 rue de la Minoterie 67000 Strasbourg | BP23: R4 | BW23: Derichebourg | BX23: 55850281100091 | BY23: 12 rue de la Minoterie 67000 Strasbourg | CA23: R4 | CB23: Recyclage
C24: 17 04 07 | D24: (baraque chantier) | G24: non concerné | H24: non concerné | I24: non concerné | J24: non concerné | K24: non concerné | M24: Baumert | N24: Laura | O24: +33 (0) 6 12 33 76 56 | P24: laura.baumert@wienerberger.com | AE24: non concerné | AF24: non concerné | AH24: Eska (Derichebourg) | AI24: 55850281100182 | AK24: 2018-57-1097 | AW24: Transports Steinmetz | AX24: 32561507800020 | AY24: 12 rue de l'Artisanat 67 Niedermodern | AZ24: 1967071 | BL24: Eska Derichebourg | BM24: 55850281100091 | BN24: 4 route du Rohrschollen 67000 Strasbourg | BP24: R4 | BW24: Eska Derichebourg | BX24: 55850281100091 | BY24: 4 route du Rohrschollen 67000 Strasbourg | CA24: R4 | CB24: Recyclage
B25: Fibres céramiques réfractaires | C25: 17 06 03* | M25: Baumert | N25: Laura | O25: +33 (0) 6 12 33 76 57 | P25: laura.baumert@wienerberger.com | AE25: non concerné | AF25: non concerné | AH25: non concerné | AI25: non concerné | AK25: non concerné | AW25: Kimmel Transports | AX25: 34782395700043 | AY25: 5 rue de la Logistique 67320 Thal-Drulingen | AZ25: 2022-57-1396 | BL25: Suez RR Iws Minerals France | BM25: 43331348300177 | BN25: 14 route de Moivrons 54114 Jeandelaincourt | BP25: D5 | BW25: Suez RR Iws Minerals France | BX25: 43331348300177 | BY25: 14 route de Moivrons 54114 Jeandelaincourt | CA25: D5 | CB25: Elimination (décharge)
C26: 17 06 03* | M26: Baumert | N26: Laura | O26: +33 (0) 6 12 33 76 58 | P26: laura.baumert@wienerberger.com | AE26: non concerné | AF26: non concerné | AH26: Chimirec Est | AI26: 39933934000016 | AK26: NC 54 173 2023 | AW26: Chimirec Est | AX26: 39933934000016 | AY26: ZI La Haie Sorette 54450 Domjevin | AZ26: TR547592024 | BL26: Chimirec Est | BM26: 39933934000016 | BN26: ZI La Haie Sorette 54450 Domjevin | BP26: D5 | CA26: D5 | CB26: Elimination (décharge)
B27: Housses plastiques | C27: 15 01 02 | G27: non concerné | H27: non concerné | I27: non concerné | J27: non concerné | K27: non concerné | M27: Baumert | N27: Laura | O27: +33 (0) 6 12 33 76 59 | P27: laura.baumert@wienerberger.com | AE27: non concerné | AF27: non concerné | AH27: Schroll | AI27: 32519337300017 | AK27: 2067081 | AW27: Schroll | AX27: 32519337300017 | AY27: 6 rue de Cherbourg 67100 Strasbourg | AZ27: 2067081 | BL27: Schroll | BM27: 32519337300017 | BN27: 6 rue de Cherbourg 67100 Strasbourg | BP27: R5 | BW27: Schroll | BX27: 32519337300017 | BY27: 6 rue de Cherbourg 67100 Strasbourg | CA27: R5 | CB27: Recyclage
B28: Huiles usagées | C28: 13 02 08* | M28: Baumert | N28: Laura | O28: +33 (0) 6 12 33 76 60 | P28: laura.baumert@wienerberger.com | AE28: non concerné | AF28: non concerné | AH28: Chimirec Est | AI28: 39933934000016 | AK28: NC 54 173 2023 | AW28: Chimirec Est | AX28: 39933934000016 | AY28: ZI La Haie Sorette 54450 Domjevin | AZ28: TR545642019 | BL28: Chimirec Est | BM28: 39933934000016 | BN28: ZI La Haie Sorette 54450 Domjevin | BP28: R12 | BW28: Autorisation par arrêté préfectoral, à une rupture de traçabilité pour ce déchet | BX28: DE814574464 | CA28: R1 | CB28: Valorisation
B29: Matériels souillés | C29: 15 02 02* | M29: Baumert | N29: Laura | O29: +33 (0) 6 12 33 76 61 | P29: laura.baumert@wienerberger.com | AE29: non concerné | AF29: non concerné | AH29: Chimirec Est | AI29: 39933934000016 | AK29: NC 54 173 2023 | AW29: Chimirec Est | AX29: 39933934000016 | AY29: ZI La Haie Sorette 54450 Domjevin | AZ29: TR547592024 | BL29: Chimirec Est | BM29: 39933934000016 | BN29: ZI La Haie Sorette 54450 Domjevin | BP29: R12 | BW29: Autorisation par arrêté préfectoral, à une rupture de traçabilité pour ce déchet | CA29: R1 | CB29: Valorisation
B30: Matières peintures | C30: 08 01 11* | D30: Matières apparentées aux peintures | M30: Baumert | N30: Laura | O30: +33 (0) 6 12 33 76 62 | P30: laura.baumert@wienerberger.com | AE30: non concerné | AF30: non concerné | AH30: Chimirec Est | AI30: 39933934000016 | AK30: NC 54 173 2023 | AW30: Chimirec Est | AX30: 39933934000016 | AY30: ZI La Haie Sorette 54450 Domjevin | AZ30: TR547592024 | BL30: Chimirec Est | BM30: 39933934000016 | BN30: ZI La Haie Sorette 54450 Domjevin | BP30: R12 | BW30: Autorisation par arrêté préfectoral, à une rupture de traçabilité pour ce déchet | CA30: R12 | CB30: Recyclage
B31: Piles | C31: 16 06 03* | M31: Baumert | N31: Laura | O31: +33 (0) 6 12 33 76 63 | P31: laura.baumert@wienerberger.com | AE31: non concerné | AF31: non concerné | AH31: Chimirec Est | AI31: 39933934000016 | AK31: NC 54 173 2023 | AW31: Chimirec Est | AX31: 39933934000016 | AY31: ZI La Haie Sorette 54450 Domjevin | AZ31: TR547592024 | BL31: Chimirec Est | BM31: 39933934000016 | BN31: ZI La Haie Sorette 54450 Domjevin | BP31: R12 | BW31: Autorisation par arrêté préfectoral, à une rupture de traçabilité pour ce déchet | CA31: R4 | CB31: Recyclage
B32: Platinage | C32: 17 04 05 | G32: non concerné | H32: non concerné | I32: non concerné | J32: non concerné | K32: non concerné | M32: Baumert | N32: Laura | O32: +33 (0) 6 12 33 76 64 | P32: laura.baumert@wienerberger.com | AE32: non concerné | AF32: non concerné | AH32: Eska (Derichebourg) | AI32: 55850281100182 | AK32: 2018-57-1097 | AW32: Eska (Derichebourg) | AX32: 55850281100182 | AY32: 56 rue de Metz 57130 Jouy-Aux-Arches | AZ32: 2018-57-1098 | BL32: Derichebourg | BM32: 55850281100091 | BN32: 12 rue de la Minoterie 67000 Strasbourg | BP32: R4 | BW32: Derichebourg | BX32: 55850281100091 | BY32: 12 rue de la Minoterie 67000 Strasbourg | CA32: R4 | CB32: Recyclage
B33: Produits en briques | C33: 10 12 08 | D33: (après cuisson) | G33: non concerné | H33: non concerné | I33: non concerné | J33: non concerné | K33: non concerné | M33: Baumert | N33: Laura | O33: +33 (0) 6 12 33 76 65 | P33: laura.baumert@wienerberger.com | AE33: non concerné | AF33: non concerné | AW33: Corthum Nordschwarzwald GmbH | AX33: DE292008034 (n° TVA intracommunautaire) | AY33: Im Schwarzenbusch 8 D-76359 Marxzell - Pfaffenrot | BL33: Corthum Nordschwarzwald GmbH | BM33: DE292008034 (n° TVA intracommunautaire) | BN33: Im Schwarzenbusch 8 D-76359 Marxzell - Pfaffenrot | BP33: R13 | BW33: Corthum Nordschwarzwald GmbH | BX33: DE292008034 (n° TVA intracommunautaire) | BY33: Im Schwarzenbusch 8 D-76359 Marxzell - Pfaffenrot | CA33: R5 | CB33: Valorisation
C34: 10 12 08 | D34: (après cuisson) | G34: non concerné | H34: non concerné | I34: non concerné | J34: non concerné | K34: non concerné | M34: Baumert | N34: Laura | O34: +33 (0) 6 12 33 76 66 | P34: laura.baumert@wienerberger.com | AE34: non concerné | AF34: non concerné | AW34: Corthum Nordschwarzwald GmbH | AX34: DE292008034 (n° TVA intracommunautaire) | AY34: Im Schwarzenbusch 8 D-76359 Marxzell - Pfaffenrot | BL34: Corthum Breisgau GmbH | BM34: DE292008034 (n° TVA intracommunautaire) | BN34: Breisgauallee 24, D-79336 Herbolzheim | BP34: R13 | BW34: Corthum Breisgau GmbH | BX34: DE292008034 (n° TVA intracommunautaire) | BY34: Breisgauallee 24, D-79336 Herbolzheim | CA34: R5 | CB34: Valorisation
B35: Produits périmés | C35: 16 05 07* | D35: (DDQD spéciaux) | M35: Baumert | N35: Laura | O35: +33 (0) 6 12 33 76 67 | P35: laura.baumert@wienerberger.com | AE35: non concerné | AF35: non concerné | AH35: Chimirec Est | AI35: 39933934000016 | AK35: NC 54 173 2023 | AW35: Chimirec Est | AX35: 39933934000016 | AY35: ZI La Haie Sorette 54450 Domjevin | AZ35: TR547592024 | BL35: Chimirec Est | BM35: 39933934000016 | BN35: ZI La Haie Sorette 54450 Domjevin | BP35: D13 | BW35: Autorisation par arrêté préfectoral, à une rupture de traçabilité pour ce déchet | CA35: D9 | CB35: Elimination
B36: Produits secs | C36: 10 12 01 | D36: (avant cuisson) | G36: non concerné | H36: non concerné | I36: non concerné | J36: non concerné | K36: non concerné | M36: Baumert | N36: Laura | O36: +33 (0) 6 12 33 76 68 | P36: laura.baumert@wienerberger.com | AE36: non concerné | AF36: non concerné | AW36: SAS Eta Sattler Materne et Fils | AX36: 42196220000018 | AY36: 82 rue du Moulin 67520 Kirchheim | BL36: Carrière Wienerberger | BN36: Lieu-dit « Bossenroth » 67204 Achenheim | BW36: Carrière Wienerberger | BY36: Lieu-dit « Bossenroth » 67204 Achenheim
B37: Résidus de broyage | C37: 19 10 04 | D37: Résidus de broyage et poussières | G37: non concerné | H37: non concerné | I37: non concerné | J37: non concerné | K37: non concerné | M37: Baumert | N37: Laura | O37: +33 (0) 6 12 33 76 69 | P37: laura.baumert@wienerberger.com | AE37: non concerné | AF37: non concerné | AH37: Eska (Derichebourg) | AI37: 55850281100182 | AK37: 2018-57-1097 | AW37: Eska (Derichebourg) | AX37: 55850281100182 | AY37: 56 rue de Metz 57130 Jouy-Aux-Arches | AZ37: 2018-57-1098 | BL37: Derichebourg | BM37: 55850281100091 | BN37: 12 rue de la Minoterie 67000 Strasbourg | BP37: R1/D1 | BW37: Derichebourg | BX37: 55850281100091 | BY37: 12 rue de la Minoterie 67000 Strasbourg | CA37: R1/D1 | CB37: Valorisation énergétique / élimination

Sheet Site N°2
B2: FLEAP | C2: Wienerberger - Filières par site
B4: Nom usuel du site: | C4: Usine Seltz | G4: SIRET: | H4: 54850098200267 | J4: Adresse: | K4: 25 rue de la Gare 67470 Seltz | N4: Identifiant GEREP :
B6: Filières de déchets | G6: (déchets dangereux) | M6: Personne de référence (Suivi de BSD) | R6: Personne de référence (Partie opérationnelle) | W6: Contenants | AE6: Éco-organisme associé | AH6: Négociant et Courtier | AM6: Personne de référence (Suivi de BSD) | AR6: Personne de référence (Demande de collecte) | AW6: Transporteur | BB6: Personne de référence (Suivi de BSD) | BG6: Personne de référence (Demande de collecte) | BL6: Installation intermediaire | BR6: Personne de référence (Suivi de BSD) | BW6: Installation finale | CD6: Personne de référence (Suivi de BSD)
B7: Nom usuel de la filière | C7: Code CED inclus dans la filières | D7: Description déchet | E7: Numéro de CAP | G7: Mention ADR | H7: Code ONU | I7: Dénomination ADR | J7: Classe de danger | K7: Groupe d’emballage | M7: Nom | N7: Prénom | O7: Numéro de téléphone | P7: Email | R7: Nom | S7: Prénom | T7: Numéro de téléphone | U7: Email | W7: Nom usuel du contenant | X7: Code identifiant du contenant | Y7: Description du contenant | Z7: Volume unitaire du contenant | AA7: Nombre de contenants (information indicative) | AB7: Propriétaire / Sous contrat de location | AC7: (Si location) Prestatiaire de location du contenant | AE7: Nom usuel de l'éco-organisme | AF7: SIRET | AH7: Nom usuel du prestataire | AI7: SIRET | AJ7: Adresse | AK7: N° de récipissé | AM7: Nom | AN7: Prénom | AO7: Numéro de téléphone | AP7: Email | AR7: Nom | AS7: Prénom | AT7: Numéro de téléphone | AU7: Email | AW7: Nom usuel du prestataire | AX7: SIRET | AY7: Adresse | AZ7: N° de récipissé | BB7: Nom | BC7: Prénom | BD7: Numéro de téléphone | BE7: Email | BG7: Nom | BH7: Prénom | BI7: Numéro de téléphone | BJ7: Email | BL7: Nom usuel du prestataire | BM7: SIRET | BN7: Adresse | BO7: N° de récipissé | BP7: Code de traitement | BR7: Nom | BS7: Prénom | BT7: Numéro de téléphone | BU7: Email | BW7: Nom usuel du prestataire | BX7: SIRET | BY7: Adresse | BZ7: N° de récipissé | CA7: Code de traitement | CB7: Qualification du traitement final | CD7: Nom | CE7: Prénom | CF7: Numéro de téléphone | CG7: Email
B8: Aérosols | C8: 16 05 04* | G8: non concerné | H8: non concerné | I8: non concerné | J8: non concerné | K8: non concerné | M8: Baumert | N8: Laura | O8: +33 (0) 6 12 33 76 40 | P8: laura.baumert@wienerberger.com | AE8: non concerné | AF8: non concerné | AH8: Chimirec Est | AI8: 39933934000016 | AK8: NC 54 173 2023 | AW8: Chimirec Est | AX8: 39933934000016 | AY8: ZI La Haie Sorette 54450 Domjevin | AZ8: TR547592024 | BL8: Chimirec Est | BM8: 39933934000016 | BN8: ZI La Haie Sorette 54450 Domjevin | BP8: R12 | BW8: Autorisation par arrêté préfectoral, à une rupture de traçabilité pour ce déchet | CA8: R4 | CB8: Recyclage
B9: Aluminium | C9: 17 04 02 | G9: non concerné | H9: non concerné | I9: non concerné | J9: non concerné | K9: non concerné | M9: Baumert | N9: Laura | O9: +33 (0) 6 12 33 76 41 | P9: laura.baumert@wienerberger.com | AE9: non concerné | AF9: non concerné | AH9: ESKA | AI9: 55850281100182 | AK9: 2023-57-1458 | AW9: SAS Transenvironnement | AX9: 50390796600017 | AY9: La Guerre 14540 Castine En Plaine | AZ9: 2020/24 | BL9: ESKA Derichebourg | BM9: 55850281100547 | BN9: Rue de Riedseltz Altenstadt 67160 Wissembourg | BP9: R13 | BW9: ESKA Derichebourg | BX9: 65382053001073 | BY9: Rue de Riedseltz Altenstadt 67160 Wissembourg | CA9: R4 | CB9: Recyclage
B10: Bois | C10: 15 01 03 | G10: non concerné | H10: non concerné | I10: non concerné | J10: non concerné | K10: non concerné | M10: Baumert | N10: Laura | O10: +33 (0) 6 12 33 76 42 | P10: laura.baumert@wienerberger.com | AE10: non concerné | AF10: non concerné | AH10: SUEZ RV Nord Est | AI10: 50472678700030 | AK10: 2167061 | AW10: SUEZ RV Nord Est | AX10: 50472678700030 | AY10: 13 Route de Rohrshollen 67100 Strasbourg | AZ10: 2167061 | BL10: Sardi | BM10: 35238105700038 | BN10: Rue des Frères Lumières 67170 Brumath | BP10: R5 | BW10: Sardi | BX10: 35238105700038 | BY10: Rue des Frères Lumières 67170 Brumath | CA10: R5 | CB10: Recyclage
C11: 15 01 03 | G11: non concerné | H11: non concerné | I11: non concerné | J11: non concerné | K11: non concerné | M11: Baumert | N11: Laura | O11: +33 (0) 6 12 33 76 43 | P11: laura.baumert@wienerberger.com | AE11: non concerné | AF11: non concerné | AH11: SUEZ RV Nord Est | AI11: 50472678700030 | AK11: 2167061 | AW11: SUEZ RV Nord Est | AX11: 50472678700030 | AY11: 13 Route de Rohrshollen 67100 Strasbourg | AZ11: 2167061 | BL11: EDIB | BM11: 30223694800030 | BN11: Quai du Canal 67270 Hochfelden | BP11: R12 | BW11: EDIB | BX11: 30223694800030 | BY11: Quai du Canal 67270 Hochfelden | CA11: R5 | CB11: Recyclage
B12: Bouteilles en plastiques | C12: 15 01 02 | G12: non concerné | H12: non concerné | I12: non concerné | J12: non concerné | K12: non concerné | M12: Baumert | N12: Laura | O12: +33 (0) 6 12 33 76 44 | P12: laura.baumert@wienerberger.com | AE12: non concerné | AF12: non concerné | AH12: Savoir et Compétences emploi/ELISE | AI12: 47897787900012 | AK12: 1967066 | AW12: Savoir et Compétences emploi/ELISE | AX12: 47897787900012 | AY12: 5 Rue Denis Papin 67400 ILLKIRCH | AZ12: 1967066 | BL12: Savoir et Compétences emploi/ELISE | BM12: 47897787900012 | BN12: 5 Rue Denis Papin 67400 ILLKIRCH | BP12: R13 | BW12: VEOLIA | BX12: 30321551100161 | BY12: ZI Sandrgube 67560 ROSHEIM | CA12: R3 | CB12: Recyclage
B13: Câbles cuivre | C13: 17 04 01 | G13: non concerné | H13: non concerné | I13: non concerné | J13: non concerné | K13: non concerné | M13: Baumert | N13: Laura | O13: +33 (0) 6 12 33 76 45 | P13: laura.baumert@wienerberger.com | AE13: non concerné | AF13: non concerné | AH13: ESKA | AI13: 55850281100182 | AK13: 2023-57-1458 | AW13: SAS Transenvironnement | AX13: 50390796600017 | AY13: La Guerre 14540 Castine En Plaine | AZ13: 2020/24 | BL13: ESKA Derichebourg | BM13: 55850281100547 | BN13: Rue de Riedseltz Altenstadt 67160 Wissembourg | BP13: R13 | BW13: ESKA Derichebourg | BX13: 65382053001073 | BY13: Rue de Riedseltz Altenstadt 67160 Wissembourg | CA13: R4 | CB13: Recyclage
B14: Canettes en aluminum | C14: 15 01 04 | G14: non concerné | H14: non concerné | I14: non concerné | J14: non concerné | K14: non concerné | M14: Baumert | N14: Laura | O14: +33 (0) 6 12 33 76 46 | P14: laura.baumert@wienerberger.com | AE14: non concerné | AF14: non concerné | AH14: Savoir et Compétences emploi/ELISE | AI14: 47897787900012 | AK14: 1967066 | AW14: Savoir et Compétences emploi/ELISE | AX14: 47897787900012 | AY14: 5 Rue Denis Papin 67400 ILLKIRCH | AZ14: 1967066 | BL14: Savoir et Compétences emploi/ELISE | BM14: 47897787900012 | BN14: 5 Rue Denis Papin 67400 ILLKIRCH | BP14: R13 | BW14: VEOLIA | BX14: 30321551100161 | BY14: ZI Sandrgube 67560 ROSHEIM | CA14: R4 | CB14: Recyclage
B15: Cartouches encre vides | C15: 08 03 99 | G15: non concerné | H15: non concerné | I15: non concerné | J15: non concerné | K15: non concerné | M15: Baumert | N15: Laura | O15: +33 (0) 6 12 33 76 47 | P15: laura.baumert@wienerberger.com | AE15: non concerné | AF15: non concerné | AH15: non concerné | AI15: non concerné | AK15: non concerné | AW15: Lyreco France | AX15: 57172266900355 | AY15: 9 rue de Bayonne 67100 Strasbourg | AZ15: 2020/CTD/026 | BL15: Lyreco France | BM15: 57172266900298 | BN15: Route de la Plaine 71660 Digoin | BP15: R13 | BW15: Les ateliers du bocage | BX15: 38525318200013 | BY15: La Boujalière 79140 Le Pin | CA15: R12/R5 | CB15: Recyclage
B16: Casse de tuiles | C16: 10 12 08 | G16: non concerné | H16: non concerné | I16: non concerné | J16: non concerné | K16: non concerné | M16: Baumert | N16: Laura | O16: +33 (0) 6 12 33 76 48 | P16: laura.baumert@wienerberger.com | AE16: non concerné | AF16: non concerné | AH16: non concerné | AI16: non concerné | AK16: non concerné | AW16: Flösch Transporte | AY16: Bahnhofsrtasse 18 D-79268 Bötzingen | AZ16: non soumis | BL16: Hans G. Hauri KG | BM16: Ust-ID-Nr: DE274659366 | BN16: Bergstraße 114 D - 79268 Bötzingen | BP16: R5 | BW16: Hans G. Hauri KG | BX16: Ust-ID-Nr: DE274659366 | BY16: Bergstraße 114 D - 79268 Bötzingen | CA16: R5 | CB16: Recyclage
C17: 10 12 08 | G17: non concerné | H17: non concerné | I17: non concerné | J17: non concerné | K17: non concerné | M17: Baumert | N17: Laura | O17: +33 (0) 6 12 33 76 49 | P17: laura.baumert@wienerberger.com | AE17: non concerné | AF17: non concerné | AH17: non concerné | AI17: non concerné | AK17: non concerné | AW17: Gunther Lehnhardt Transporte | AX17: DE226510046 | AY17: Im Leierhans 31 D-64404 Bickenbach | AZ17: non soumis | BL17: Tennis Klenert Ziegelmühle Karlsruhe | BN17: Am Baufeld 9 D-76149 Karlsruhe | BP17: R5 | BW17: Tennis Klenert Ziegelmühle Karlsruhe | BY17: Am Baufeld 9 D-76149 Karlsruhe | CA17: R5 | CB17: Recyclage
C18: 10 12 08 | G18: non concerné | H18: non concerné | I18: non concerné | J18: non concerné | K18: non concerné | M18: Baumert | N18: Laura | O18: +33 (0) 6 12 33 76 50 | P18: laura.baumert@wienerberger.com | AE18: non concerné | AF18: non concerné | AH18: non concerné | AI18: non concerné | AK18: non concerné | AW18: Gunther Lehnhardt Transporte | AX18: DE226510046 | AY18: Im Leierhans 31 D-64404 Bickenbach | AZ18: non soumis | BL18: Tennis Nohe | BN18: Carl-Boschstr.13 D-68799 Reilingen | BP18: R5 | BW18: Tennis Nohe | BY18: Carl-Boschstr.13 D-68799 Reilingen | CA18: R5 | CB18: Recyclage
B19: Déchets briques H | C19: 16 11 06 | M19: Baumert | N19: Laura | O19: +33 (0) 6 12 33 76 51 | P19: laura.baumert@wienerberger.com | AE19: non concerné | AF19: non concerné | AH19: non concerné | AI19: non concerné | AK19: non concerné | AW19: Walter Ott Rohstoff-Recycling GmbH | AX19: FR02548500982 | AY19: Schuckerstrasse 24 D-71277 Rutesheim | AZ19: non soumis | BL19: Walter Ott Rohstoff-Recycling GmbH | BM19: FR02548500982 | BN19: Schuckerstrasse 24 D-71277 Rutesheim | BP19: R5 | BW19: Walter Ott Rohstoff-Recycling GmbH | BX19: FR02548500982 | BY19: Schuckerstrasse 24 D-71277 Rutesheim | CA19: R5 | CB19: Recyclage
B20: Déchets de réasorb | C20: 10 12 10 | G20: non concerné | H20: non concerné | I20: non concerné | J20: non concerné | K20: non concerné | M20: Baumert | N20: Laura | O20: +33 (0) 6 12 33 76 52 | P20: laura.baumert@wienerberger.com | AE20: non concerné | AF20: non concerné | AH20: D-Carbone | AI20: 84130639200017 | AK20: NC541452018 | AW20: Bourgey Montreuil Alsace (Geodis BM) | AX20: 78417353600094 | AY20: Savoie Hexapôle 73420 Mery | AZ20: Dt-20-01-04 | BL20: Sarl Raison | BM20: 38086361300036 | BN20: Ferme de Grangeotte 70160 Amance | BP20: R10 | BW20: Sarl Raison | BX20: 38086361300036 | BY20: Ferme de Grangeotte 70160 Amance | CA20: R10 | CB20: Recyclage via méthanisation
C21: 10 12 10 | G21: non concerné | H21: non concerné | I21: non concerné | J21: non concerné | K21: non concerné | M21: Baumert | N21: Laura | O21: +33 (0) 6 12 33 76 53 | P21: laura.baumert@wienerberger.com | AE21: non concerné | AF21: non concerné | AH21: D-Carbone | AI21: 84130639200017 | AK21: NC541452018 | AW21: Bourgey Montreuil Alsace (Geodis BM) | AX21: 78417353600094 | AY21: Savoie Hexapôle 73420 Mery | AZ21: Dt-20-01-04 | BL21: Sarl Raison | BM21: 38086361300036 | BN21: Ferme de Grangeotte 70160 Amance | BP21: R10 | BW21: Sarl Raison | BX21: 38086361300036 | BY21: Ferme de Grangeotte 70160 Amance | CA21: R10 | CB21: Recyclage via méthanisation
C22: 10 12 10 | G22: non concerné | H22: non concerné | I22: non concerné | J22: non concerné | K22: non concerné | M22: Baumert | N22: Laura | O22: +33 (0) 6 12 33 76 54 | P22: laura.baumert@wienerberger.com | AE22: non concerné | AF22: non concerné | AH22: D-Carbone | AI22: 84130639200017 | AK22: NC541452018 | AW22: Transports ATB | AX22: 48040229600028 | AY22: 18 rue d'Alsace 67140 BARR | AZ22: 2267075 | BL22: Sarl Raison | BM22: 38086361300036 | BN22: Ferme de Grangeotte 70160 Amance | BP22: R10 | BW22: Sarl Raison | BX22: 38086361300036 | BY22: Ferme de Grangeotte 70160 Amance | CA22: R10 | CB22: Recyclage via méthanisation
C23: 10 12 10 | G23: non concerné | H23: non concerné | I23: non concerné | J23: non concerné | K23: non concerné | M23: Baumert | N23: Laura | O23: +33 (0) 6 12 33 76 55 | P23: laura.baumert@wienerberger.com | AE23: non concerné | AF23: non concerné | AH23: D-Carbone | AI23: 84130639200017 | AK23: NC541452018 | AW23: MAUFFREY | AX23: 38036831600010 | AY23: Zone industrielle du Bois Joli, Route de la Plaine d'Eloyes 88200 Saint-Nabord | AZ23: 88/2023/15 | BL23: Sarl Raison | BM23: 38086361300036 | BN23: Ferme de Grangeotte 70160 Amance | BP23: R10 | BW23: Sarl Raison | BX23: 38086361300036 | BY23: Ferme de Grangeotte 70160 Amance | CA23: R10 | CB23: Recyclage via méthanisation
C24: 10 12 10 | G24: non concerné | H24: non concerné | I24: non concerné | J24: non concerné | K24: non concerné | M24: Baumert | N24: Laura | O24: +33 (0) 6 12 33 76 56 | P24: laura.baumert@wienerberger.com | AE24: non concerné | AF24: non concerné | AH24: D-Carbone | AI24: 84130639200017 | AK24: NC541452018 | AW24: BOOM EXPRESS | AX24: 47961343200059 | AY24: 7 rue du girlenhirsch 67400 illkirch-graffenstaden | AZ24: 2367063 | BL24: Sarl Raison | BM24: 38086361300036 | BN24: Ferme de Grangeotte 70160 Amance | BP24: R10 | BW24: Sarl Raison | BX24: 38086361300036 | BY24: Ferme de Grangeotte 70160 Amance | CA24: R10 | CB24: Recyclage via méthanisation
C25: 10 12 10 | G25: non concerné | H25: non concerné | I25: non concerné | J25: non concerné | K25: non concerné | M25: Baumert | N25: Laura | O25: +33 (0) 6 12 33 76 57 | P25: laura.baumert@wienerberger.com | AE25: non concerné | AF25: non concerné | AH25: D-Carbone | AI25: 84130639200017 | AK25: NC541452018 | AW25: Go-Time | AX25: 89017797500020 | AY25: 4 rue Louis Ampère 67400 Illkirch-Graffenstaden | AZ25: 2367095 | BL25: Sarl Raison | BM25: 38086361300036 | BN25: Ferme de Grangeotte 70160 Amance | BP25: R10 | BW25: Sarl Raison | BX25: 38086361300036 | BY25: Ferme de Grangeotte 70160 Amance | CA25: R10 | CB25: Recyclage via méthanisation
C26: 10 12 10 | G26: non concerné | H26: non concerné | I26: non concerné | J26: non concerné | K26: non concerné | M26: Baumert | N26: Laura | O26: +33 (0) 6 12 33 76 58 | P26: laura.baumert@wienerberger.com | AE26: non concerné | AF26: non concerné | AH26: D-Carbone | AI26: 84130639200017 | AK26: NC541452018 | AW26: Alsafirtrans | AX26: 79278269000020 | AY26: 4 rue des Primeveres 67460 SOUFFELWEYERSHEIM | AZ26: 1967056 | BL26: Sarl Raison | BM26: 38086361300036 | BN26: Ferme de Grangeotte 70160 Amance | BP26: R10 | BW26: Sarl Raison | BX26: 38086361300036 | BY26: Ferme de Grangeotte 70160 Amance | CA26: R10 | CB26: Recyclage via méthanisation
C27: 10 12 10 | G27: non concerné | H27: non concerné | I27: non concerné | J27: non concerné | K27: non concerné | M27: Baumert | N27: Laura | O27: +33 (0) 6 12 33 76 59 | P27: laura.baumert@wienerberger.com | AE27: non concerné | AF27: non concerné | AH27: D-Carbone | AI27: 84130639200017 | AK27: NC541452018 | AW27: T.B.L | AX27: 51904984500067 | AY27: 7 rue du girlenhirsch 67400 illkirch-graffenstaden | AZ27: 2367062 | BL27: Sarl Raison | BM27: 38086361300036 | BN27: Ferme de Grangeotte 70160 Amance | BP27: R10 | BW27: Sarl Raison | BX27: 38086361300036 | BY27: Ferme de Grangeotte 70160 Amance | CA27: R10 | CB27: Recyclage via méthanisation
C28: 10 12 10 | G28: non concerné | H28: non concerné | I28: non concerné | J28: non concerné | K28: non concerné | M28: Baumert | N28: Laura | O28: +33 (0) 6 12 33 76 60 | P28: laura.baumert@wienerberger.com | AE28: non concerné | AF28: non concerné | AH28: D-Carbone | AI28: 84130639200017 | AK28: NC541452018 | AW28: Develotte | AX28: 82585011800050 | AY28: ZAC EX BA 902 88140 CONTREXEVILLE | AZ28: 88/2023/32 | BL28: Sarl Raison | BM28: 38086361300036 | BN28: Ferme de Grangeotte 70160 Amance | BP28: R10 | BW28: Sarl Raison | BX28: 38086361300036 | BY28: Ferme de Grangeotte 70160 Amance | CA28: R10 | CB28: Recyclage via méthanisation
C29: 10 12 10 | G29: non concerné | H29: non concerné | I29: non concerné | J29: non concerné | K29: non concerné | M29: Baumert | N29: Laura | O29: +33 (0) 6 12 33 76 61 | P29: laura.baumert@wienerberger.com | AE29: non concerné | AF29: non concerné | AH29: D-Carbone | AI29: 84130639200017 | AK29: NC541452018 | AW29: Transport Prabel | AX29: 60702004700025 | AY29: 95 rue Perry 748000 Saint-Pierre-En-Faucigny | AZ29: T 2023 10 24 A | BL29: Sarl Raison | BM29: 38086361300036 | BN29: Ferme de Grangeotte 70160 Amance | BP29: R10 | BW29: Sarl Raison | BX29: 38086361300036 | BY29: Ferme de Grangeotte 70160 Amance | CA29: R10 | CB29: Recyclage via méthanisation
C30: 10 12 10 | G30: non concerné | H30: non concerné | I30: non concerné | J30: non concerné | K30: non concerné | M30: Baumert | N30: Laura | O30: +33 (0) 6 12 33 76 62 | P30: laura.baumert@wienerberger.com | AE30: non concerné | AF30: non concerné | AH30: D-Carbone | AI30: 84130639200017 | AK30: NC541452018 | AW30: Transport Clauss | AX30: 44294966500024 | AY30: 4a rue de Soufflenheim 67660 Betschdorf | AZ30: 2067040 | BL30: Sarl Raison | BM30: 38086361300036 | BN30: Ferme de Grangeotte 70160 Amance | BP30: R10 | BW30: Sarl Raison | BX30: 38086361300036 | BY30: Ferme de Grangeotte 70160 Amance | CA30: R10 | CB30: Recyclage via méthanisation
C31: 10 12 10 | G31: non concerné | H31: non concerné | I31: non concerné | J31: non concerné | K31: non concerné | M31: Baumert | N31: Laura | O31: +33 (0) 6 12 33 76 63 | P31: laura.baumert@wienerberger.com | AE31: non concerné | AF31: non concerné | AH31: D-Carbone | AI31: 84130639200017 | AK31: NC541452018 | AW31: TRANSPORTES TRINIDAD ROS,SA | AX31: TVA ESA17041757 | AY31: APARTAT DE CORREUS APARTAT CORREUS 103 17820 - BANYOLES | AZ31: 1700084631 / T-5411 | BL31: Sarl Raison | BM31: 38086361300036 | BN31: Ferme de Grangeotte 70160 Amance | BP31: R10 | BW31: Sarl Raison | BX31: 38086361300036 | BY31: Ferme de Grangeotte 70160 Amance | CA31: R10 | CB31: Recyclage via méthanisation
C32: 10 12 10 | G32: non concerné | H32: non concerné | I32: non concerné | J32: non concerné | K32: non concerné | M32: Baumert | N32: Laura | O32: +33 (0) 6 12 33 76 64 | P32: laura.baumert@wienerberger.com | AE32: non concerné | AF32: non concerné | AH32: D-Carbone | AI32: 84130639200017 | AK32: NC541452018 | AW32: Bergelin | AX32: 42575019700039 | AY32: BP69 70103 Arc Les Gray | AZ32: 272 | BL32: Sarl Raison | BM32: 38086361300036 | BN32: Ferme de Grangeotte 70160 Amance | BP32: R10 | BW32: Sarl Raison | BX32: 38086361300036 | BY32: Ferme de Grangeotte 70160 Amance | CA32: R10 | CB32: Recyclage via méthanisation
C33: 10 12 10 | G33: non concerné | H33: non concerné | I33: non concerné | J33: non concerné | K33: non concerné | M33: Baumert | N33: Laura | O33: +33 (0) 6 12 33 76 65 | P33: laura.baumert@wienerberger.com | AE33: non concerné | AF33: non concerné | AH33: D-Carbone | AI33: 84130639200017 | AK33: NC541452018 | AW33: Transports Frappier | AX33: 33774265400029 | AY33: 9 allée de l'Europe 85670 St christophe du ligneron | AZ33: 2019-22 | BL33: Sarl Raison | BM33: 38086361300036 | BN33: Ferme de Grangeotte 70160 Amance | BP33: R10 | BW33: Sarl Raison | BX33: 38086361300036 | BY33: Ferme de Grangeotte 70160 Amance | CA33: R10 | CB33: Recyclage via méthanisation
C34: 10 12 10 | G34: non concerné | H34: non concerné | I34: non concerné | J34: non concerné | K34: non concerné | M34: Baumert | N34: Laura | O34: +33 (0) 6 12 33 76 66 | P34: laura.baumert@wienerberger.com | AE34: non concerné | AF34: non concerné | AH34: D-Carbone | AI34: 84130639200017 | AK34: NC541452018 | AW34: Transports Morille | AX34: 40219384100028 | AY34: 23 rue de la Croix Renaudeau 49120 Chemillé En Anjou | AZ34: 49.2024.60 | BL34: Sarl Raison | BM34: 38086361300036 | BN34: Ferme de Grangeotte 70160 Amance | BP34: R10 | BW34: Sarl Raison | BX34: 38086361300036 | BY34: Ferme de Grangeotte 70160 Amance | CA34: R10 | CB34: Recyclage via méthanisation
C35: 10 12 10 | G35: non concerné | H35: non concerné | I35: non concerné | J35: non concerné | K35: non concerné | M35: Baumert | N35: Laura | O35: +33 (0) 6 12 33 76 67 | P35: laura.baumert@wienerberger.com | AE35: non concerné | AF35: non concerné | AH35: D-Carbone | AI35: 84130639200017 | AK35: NC541452018 | AW35: Bourgey Montreuil Alsace (Geodis BM) | AX35: 78417353600094 | AY35: 6 rue du Rheinfeld 67020 Strasbourg | AZ35: Dt-20-01-04 | BL35: Sarl Raison | BM35: 38086361300036 | BN35: Ferme de Grangeotte 70160 Amance | BP35: R10 | BW35: Sarl Raison | BX35: 38086361300036 | BY35: Ferme de Grangeotte 70160 Amance | CA35: R10 | CB35: Recyclage via méthanisation
C36: 10 12 10 | G36: non concerné | H36: non concerné | I36: non concerné | J36: non concerné | K36: non concerné | M36: Baumert | N36: Laura | O36: +33 (0) 6 12 33 76 68 | P36: laura.baumert@wienerberger.com | AE36: non concerné | AF36: non concerné | AH36: D-Carbone | AI36: 84130639200017 | AK36: NC541452018 | AW36: BOOM EXPRESS | AX36: 47961343200059 | AY36: 7 rue du girlenhirsch 67400 illkirch-graffenstaden | AZ36: 2367063 | BL36: Sarl Raison | BM36: 38086361300036 | BN36: Ferme de Grangeotte 70160 Amance | BP36: R10 | BW36: Sarl Raison | BX36: 38086361300036 | BY36: Ferme de Grangeotte 70160 Amance | CA36: R10 | CB36: Recyclage via méthanisation
C37: 10 12 10 | G37: non concerné | H37: non concerné | I37: non concerné | J37: non concerné | K37: non concerné | M37: Baumert | N37: Laura | O37: +33 (0) 6 12 33 76 69 | P37: laura.baumert@wienerberger.com | AE37: non concerné | AF37: non concerné | AH37: D-Carbone | AI37: 84130639200017 | AK37: NC541452018 | AW37: Bourgey Montreuil Alsace (Geodis BM) | AX37: 78417353600094 | AY37: 6 rue du Rheinfeld 67000 Strasbourg | AZ37: Dt-20-01-04 | BL37: Sarl Raison | BM37: 38086361300036 | BN37: Ferme de Grangeotte 70160 Amance | BP37: R10 | BW37: Sarl Raison | BX37: 38086361300036 | BY37: Ferme de Grangeotte 70160 Amance | CA37: R10 | CB37: Recyclage via méthanisation
B38: Déchets fontaine dégraissage (liquides aqueux de nettoyage) | C38: 12 03 01* | M38: Baumert | N38: Laura | O38: +33 (0) 6 12 33 76 70 | P38: laura.baumert@wienerberger.com | AE38: non concerné | AF38: non concerné | AH38: n/a | AI38: n/a | AK38: n/a | AW38: Safety-Kleen France Services | AX38: 33381325100027 | AY38: 65 avenue Jean Mermoz 93126 LaCourneuve Cedex | AZ38: 1999-014 | BL38: Safety-Kleen Strasbourg | BM38: 48011152500162 | BN38: ZA du Hairy 67230 Huttenheim | BP38: R13 | BW38: Seteo | BX38: 30832792300022 | BY38: Rue en Clairvot 21850 Saint Apollinaire | CA38: R12/D10 | CB38: Elimination (prétraitement au préalable)
B39: DEEE en mélange | C39: 16 02 13* | M39: Baumert | N39: Laura | O39: +33 (0) 6 12 33 76 71 | P39: laura.baumert@wienerberger.com | AE39: non concerné | AF39: non concerné | AH39: Chimirec Est | AI39: 39933934000016 | AK39: NC 54 173 2023 | AW39: Chimirec Est | AX39: 39933934000016 | AY39: ZI La Haie Sorette 54450 Domjevin | AZ39: TR547592024 | BL39: Chimirec Est | BM39: 39933934000016 | BN39: ZI La Haie Sorette 54450 Domjevin | BP39: R12 | BW39: Autorisation par arrêté préfectoral, à une rupture de traçabilité pour ce déchet | CA39: R4 | CB39: Recyclage
B40: DIB | C40: 20 03 01 | G40: non concerné | H40: non concerné | I40: non concerné | J40: non concerné | K40: non concerné | M40: Baumert | N40: Laura | O40: +33 (0) 6 12 33 76 72 | P40: laura.baumert@wienerberger.com | AE40: non concerné | AF40: non concerné | AH40: SUEZ RV Nord Est | AI40: 50472678700030 | AK40: 2167061 | AW40: SUEZ RV Nord Est | AX40: 50472678700030 | AY40: 13 Route de Rohrshollen 67100 Strasbourg | AZ40: 2167061 | BL40: Sardi | BM40: 35238105700038 | BN40: Rue des Frères Lumières 67170 Brumath | BP40: R5 R1 | BW40: Sardi | BX40: 35238105700038 | BY40: Rue des Frères Lumières 67170 Brumath | CA40: R5 R1 | CB40: Valorisation énergétique + recyclage
C41: 20 03 01 | G41: non concerné | H41: non concerné | I41: non concerné | J41: non concerné | K41: non concerné | M41: Baumert | N41: Laura | O41: +33 (0) 6 12 33 76 73 | P41: laura.baumert@wienerberger.com | AE41: non concerné | AF41: non concerné | AH41: SUEZ RV Nord Est | AI41: 50472678700030 | AK41: 2167061 | AW41: SUEZ RV Nord Est | AX41: 50472678700030 | AY41: 13 Route de Rohrshollen 67100 Strasbourg | AZ41: 2167061 | BL41: EDIB | BM41: 30223694800030 | BN41: Quai du Canal 67270 Hochfelden | BP41: R12-2 | BW41: EDIB | BX41: 30223694800030 | BY41: Quai du Canal 67270 Hochfelden | CA41: R12/D1-D10 | CB41: Elimination
B42: Eaux souillées | C42: 16 07 08* | D42: Eaux de nettoyage du convoyeur UBA | M42: Baumert | N42: Laura | O42: +33 (0) 6 12 33 76 74 | P42: laura.baumert@wienerberger.com | AE42: non concerné | AF42: non concerné | AH42: n/a | AI42: n/a | AK42: n/a | AW42: ATIC SA | AX42: 30002217500107 | AY42: 3 rue de l'Uranium 67802 Bischheim | AZ42: 2167013 | BL42: Suez RR IWS Chemicals | BM42: 44454844000130 | BN42: 16 rue du Ried 67850 Herrlisheim | BP42: R12 | BW42: Opération aboutissant à un déchet dont la provenance n'est plus identifiable | CA42: R5 | CB42: Recyclage
C43: 16 03 05* | D43: Eaux de trempage des palettes (fosse siloxane UB2) | M43: Baumert | N43: Laura | O43: +33 (0) 6 12 33 76 75 | P43: laura.baumert@wienerberger.com | AE43: non concerné | AF43: non concerné | AH43: n/a | AI43: n/a | AK43: n/a | AW43: ATIC SA | AX43: 30002217500107 | AY43: 3 rue de l'Uranium 67802 Bischheim | AZ43: 2167013 | BL43: Tredi | BM43: 33818576200048 | BN43: 74 quai Jacoutot 67000 Strasbourg | BP43: D10 | BW43: Tredi | BX43: 33818576200048 | BY43: 74 quai Jacoutot 67000 Strasbourg | CA43: D10 | CB43: Elimination
C44: 16 03 05* | D44: Eaux de trempage des palettes (fosse siloxane UBA + UB3) | M44: Baumert | N44: Laura | O44: +33 (0) 6 12 33 76 76 | P44: laura.baumert@wienerberger.com | AE44: non concerné | AF44: non concerné | AH44: n/a | AI44: n/a | AK44: n/a | AW44: ATIC SA | AX44: 30002217500107 | AY44: 3 rue de l'Uranium 67802 Bischheim | AZ44: 2167013 | BL44: Tredi | BM44: 33818576200048 | BN44: 74 quai Jacoutot 67000 Strasbourg | BP44: D10 | BW44: Tredi | BX44: 33818576200048 | BY44: 74 quai Jacoutot 67000 Strasbourg | CA44: D10 | CB44: Elimination
C45: 10 13 99 / 16 10 02 | D45: Eaux fosses à plâtres | M45: Baumert | N45: Laura | O45: +33 (0) 6 12 33 76 77 | P45: laura.baumert@wienerberger.com | AE45: non concerné | AF45: non concerné | AH45: non concerné | AI45: non concerné | AK45: non concerné | AW45: ATIC SA | AX45: 30002217500107 | AY45: 3 rue de l'Uranium 67802 Bischheim | AZ45: 2167013 | BL45: ATIC SA | BM45: 30002217500107 | BN45: 3 rue de l'Uranium 67802 Bischheim | BP45: R13 | BW45: Ritleng Revalorisations | BX45: 53457434800015 | BY45: Lieu dit Gaensweid 67270 Rohr | CA45: R5 | CB45: Recyclage
C46: 13 05 07* | D46: Eaux souillées de séparateur d'hydrocarbures | M46: Baumert | N46: Laura | O46: +33 (0) 6 12 33 76 78 | P46: laura.baumert@wienerberger.com | AE46: non concerné | AF46: non concerné | AH46: n/a | AI46: n/a | AK46: n/a | AW46: ATIC SA | AX46: 30002217500107 | AY46: 3 rue de l'Uranium 67802 Bischheim | AZ46: 2167013 | BL46: Suez RR IWS Chemicals | BM46: 44454844000130 | BN46: 16 rue du Ried 67850 Herrlisheim | BP46: R12 | BW46: Opération aboutissant à un déchet dont la provenance n'est plus identifiable | CA46: R5 | CB46: Recyclage
C47: 16 07 09* | D47: Eaux souillées non chlorées | M47: Baumert | N47: Laura | O47: +33 (0) 6 12 33 76 79 | P47: laura.baumert@wienerberger.com | AE47: non concerné | AF47: non concerné | AH47: Chimirec Est | AI47: 39933934000016 | AK47: NC 54 173 2023 | AW47: Chimirec Est | AX47: 39933934000016 | AY47: ZI La Haie Sorette 54450 Domjevin | AZ47: TR547592024 | BL47: Chimirec Est | BM47: 39933934000016 | BN47: ZI La Haie Sorette 54450 Domjevin | BP47: D13 | BW47: Autorisation par arrêté préfectoral, à une rupture de traçabilité pour ce déchet | CA47: D10 | CB47: Elimination
B48: Emballages souillés vides métalliques (fûts) | C48: 15 01 10* | M48: Baumert | N48: Laura | O48: +33 (0) 6 12 33 76 79 | P48: laura.baumert@wienerberger.com | AE48: non concerné | AF48: non concerné | AH48: Chimirec Est | AI48: 39933934000016 | AK48: NC 54 173 2023 | AW48: Chimirec Est | AX48: 39933934000016 | AY48: ZI La Haie Sorette 54450 Domjevin | AZ48: TR547592024 | BL48: Chimirec Est | BM48: 39933934000016 | BN48: ZI La Haie Sorette 54450 Domjevin | BP48: R12 | BW48: Autorisation par arrêté préfectoral, à une rupture de traçabilité pour ce déchet | CA48: R12 | CB48: Valorisation
B49: Emballages souillés vides plastiques | C49: 15 01 10* | D49: Emballages souillés vides plastiques (fûts) | M49: Baumert | N49: Laura | O49: +33 (0) 6 12 33 76 80 | P49: laura.baumert@wienerberger.com | AE49: non concerné | AF49: non concerné | AH49: Chimirec Est | AI49: 39933934000016 | AK49: NC 54 173 2023 | AW49: Chimirec Est | AX49: 39933934000016 | AY49: ZI La Haie Sorette 54450 Domjevin | AZ49: TR547592024 | BL49: Chimirec Est | BM49: 39933934000016 | BN49: ZI La Haie Sorette 54450 Domjevin | BP49: R12 | BW49: Autorisation par arrêté préfectoral, à une rupture de traçabilité pour ce déchet | CA49: R3 | CB49: Recyclage
C50: 15 01 10* | D50: Emballages souillés vides plastiques (petits contenants) | M50: Baumert | N50: Laura | O50: +33 (0) 6 12 33 76 81 | P50: laura.baumert@wienerberger.com | AE50: non concerné | AF50: non concerné | AH50: Chimirec Est | AI50: 39933934000016 | AK50: NC 54 173 2023 | AW50: Chimirec Est | AX50: 39933934000016 | AY50: ZI La Haie Sorette 54450 Domjevin | AZ50: TR545642019 | BL50: Chimirec Est | BM50: 39933934000016 | BN50: ZI La Haie Sorette 54450 Domjevin | BP50: R12 | BW50: Autorisation par arrêté préfectoral, à une rupture de traçabilité pour ce déchet | CA50: R3 | CB50: Recyclage
B51: Emballages souillés vides spéciaux (corrosifs…) | C51: 15 01 10* | M51: Baumert | N51: Laura | O51: +33 (0) 6 12 33 76 82 | P51: laura.baumert@wienerberger.com | AE51: non concerné | AF51: non concerné | AH51: Chimirec Est | AI51: 39933934000016 | AK51: NC 54 173 2023 | AW51: Chimirec Est | AX51: 39933934000016 | AY51: ZI La Haie Sorette 54450 Domjevin | AZ51: TR545642019 | BL51: Chimirec Est | BM51: 39933934000016 | BN51: ZI La Haie Sorette 54450 Domjevin | BP51: R12 | BW51: Autorisation par arrêté préfectoral, à une rupture de traçabilité pour ce déchet | BX51: 33818576200048 | BY51: 74 quai Jacoutot 67000 Strasbourg | CA51: R1 | CB51: Valorisation
B52: Ferrailles | C52: 17 04 07 | G52: non concerné | H52: non concerné | I52: non concerné | J52: non concerné | K52: non concerné | M52: Baumert | N52: Laura | O52: +33 (0) 6 12 33 76 83 | P52: laura.baumert@wienerberger.com | AE52: non concerné | AF52: non concerné | AH52: ESKA | AI52: 55850281100182 | AK52: 2023-57-1458 | AW52: SAS Transenvironnement | AX52: 50390796600017 | AY52: La Guerre 14540 Castine En Plaine | AZ52: 2020/24 | BL52: ESKA Derichebourg | BM52: 55850281100547 | BN52: Rue de Riedseltz Altenstadt 67160 Wissembourg | BP52: R13 | BW52: ESKA Derichebourg | BX52: 65382053001073 | BY52: Rue de Riedseltz Altenstadt 67160 Wissembourg | CA52: R4 | CB52: Recyclage
B53: Fibres céramiques réfractaires (chantier wagons UB2) | C53: 17 06 03* | M53: Baumert | N53: Laura | O53: +33 (0) 6 12 33 76 84 | P53: laura.baumert@wienerberger.com | AE53: non concerné | AF53: non concerné | AH53: Chimirec Est | AI53: 39933934000016 | AK53: NC 54 173 2023 | AW53: Chimirec Est | AX53: 39933934000016 | AY53: ZI La Haie Sorette 54450 Domjevin | AZ53: TR545642019 | BL53: Chimirec Est | BM53: 39933934000016 | BN53: ZI La Haie Sorette 54450 Domjevin | BP53: D15 | BW53: Suez RR IWS Minerals France | BX53: 43331348300177 | BY53: 14 rte de Moivrons 54114 Jeandelaincourt | CA53: D5 | CB53: Elimination
B54: Fosse septique | C54: 20 03 04 | G54: non concerné | H54: non concerné | I54: non concerné | J54: non concerné | K54: non concerné | M54: Baumert | N54: Laura | O54: +33 (0) 6 12 33 76 85 | P54: laura.baumert@wienerberger.com | AE54: non concerné | AF54: non concerné | AH54: non concerné | AI54: non concerné | AK54: non concerné | AW54: ATIC SA | AX54: 30002217500107 | AY54: 3 rue de l'Uranium 67802 Bischheim | AZ54: 2167013 | BL54: ATIC SA | BM54: 30002217500107 | BN54: 3 rue de l'Uranium 67802 Bischheim | BP54: D13 | BW54: Sovees | BX54: 81750259400036 | BY54: Route du Glaserwoerth 67000 Strasbourg | CA54: D8 | CB54: Elimination (incinération)
C55: 20 03 04 | G55: non concerné | H55: non concerné | I55: non concerné | J55: non concerné | K55: non concerné | M55: Baumert | N55: Laura | O55: +33 (0) 6 12 33 76 86 | P55: laura.baumert@wienerberger.com | AE55: non concerné | AF55: non concerné | AH55: non concerné | AI55: non concerné | AK55: non concerné | AW55: ATIC SA | AX55: 30002217500107 | AY55: 3 rue de l'Uranium 67802 Bischheim | AZ55: 2167013 | BL55: ATIC SA | BM55: 30002217500107 | BN55: 3 rue de l'Uranium 67802 Bischheim | BP55: D13 | BW55: Station d'épuration | BX55: 20006787400079 | BY55: Rue du Château Fiat 67470 Haguenau | CA55: D8/R10 | CB55: Elimination / sous-produits compostage
B56: Huiles usagées | C56: 13 02 08* | M56: Baumert | N56: Laura | O56: +33 (0) 6 12 33 76 87 | P56: laura.baumert@wienerberger.com | AE56: non concerné | AF56: non concerné | AH56: Chimirec Est | AI56: 39933934000016 | AK56: NC 54 173 2023 | AW56: Chimirec Est | AX56: 39933934000016 | AY56: ZI La Haie Sorette 54450 Domjevin | AZ56: TR545642019 | BL56: Chimirec Est | BM56: 39933934000016 | BN56: ZI La Haie Sorette 54450 Domjevin | BP56: R12 | BW56: Autorisation par arrêté préfectoral, à une rupture de traçabilité pour ce déchet | CA56: R1 | CB56: Valorisation
B57: Matériels souillés standards | C57: 15 02 02* | D57: Matériels souillés standards (fûts) | M57: Baumert | N57: Laura | O57: +33 (0) 6 12 33 76 88 | P57: laura.baumert@wienerberger.com | W57: Fûts | AE57: non concerné | AF57: non concerné | AH57: Chimirec Est | AI57: 39933934000016 | AK57: NC 54 173 2023 | AW57: Chimirec Est | AX57: 39933934000016 | AY57: ZI La Haie Sorette 54450 Domjevin | AZ57: TR545642019 | BL57: Chimirec Est | BM57: 39933934000016 | BN57: ZI La Haie Sorette 54450 Domjevin | BP57: R12 | BW57: Autorisation par arrêté préfectoral, à une rupture de traçabilité pour ce déchet | CA57: R1 | CB57: Valorisation
C58: 15 02 02* | D58: Matériels souillés standards (fûts) | M58: Baumert | N58: Laura | O58: +33 (0) 6 12 33 76 89 | P58: laura.baumert@wienerberger.com | W58: Fûts | AE58: non concerné | AF58: non concerné | AH58: Chimirec Est | AI58: 39933934000016 | AK58: NC 54 173 2023 | AW58: Chimirec Est | AX58: 39933934000016 | AY58: ZI La Haie Sorette 54450 Domjevin | AZ58: TR547592024 | BL58: Chimirec Est | BM58: 39933934000016 | BN58: ZI La Haie Sorette 54450 Domjevin | BP58: R12 | BW58: Autorisation par arrêté préfectoral, à une rupture de traçabilité pour ce déchet | CA58: R1 | CB58: Valorisation
C59: 15 02 02* | D59: Matériels souillés standards (GRV) | M59: Baumert | N59: Laura | O59: +33 (0) 6 12 33 76 90 | P59: laura.baumert@wienerberger.com | W59: GRV | AE59: non concerné | AF59: non concerné | AH59: Chimirec Est | AI59: 39933934000016 | AK59: NC 54 173 2023 | AW59: Chimirec Est | AX59: 39933934000016 | AY59: ZI La Haie Sorette 54450 Domjevin | AZ59: TR545642019 | BL59: Chimirec Est | BM59: 39933934000016 | BN59: ZI La Haie Sorette 54450 Domjevin | BP59: R12 | BW59: Autorisation par arrêté préfectoral, à une rupture de traçabilité pour ce déchet | CA59: R1 | CB59: Valorisation
C60: 15 02 02* | D60: Matériels souillés standards (GRV) | M60: Baumert | N60: Laura | O60: +33 (0) 6 12 33 76 91 | P60: laura.baumert@wienerberger.com | W60: GRV | AE60: non concerné | AF60: non concerné | AH60: Chimirec Est | AI60: 39933934000016 | AK60: NC 54 173 2023 | AW60: Chimirec Est | AX60: 39933934000016 | AY60: ZI La Haie Sorette 54450 Domjevin | AZ60: TR547592024 | BL60: Chimirec Est | BM60: 39933934000016 | BN60: ZI La Haie Sorette 54450 Domjevin | BP60: R12 | BW60: Autorisation par arrêté préfectoral, à une rupture de traçabilité pour ce déchet | CA60: R1 | CB60: Valorisation
B61: Matières peinture | C61: 08 01 11* | D61: Matières apparentées à la peinture (fût) | M61: Baumert | N61: Laura | O61: +33 (0) 6 12 33 76 92 | P61: laura.baumert@wienerberger.com | W61: Fûts | AE61: non concerné | AF61: non concerné | AH61: Chimirec Est | AI61: 39933934000016 | AK61: NC 54 173 2023 | AW61: Chimirec Est | AX61: 39933934000016 | AY61: ZI La Haie Sorette 54450 Domjevin | AZ61: TR547592024 | BL61: Chimirec Est | BM61: 39933934000016 | BN61: ZI La Haie Sorette 54450 Domjevin | BP61: R12 | BW61: Autorisation par arrêté préfectoral, à une rupture de traçabilité pour ce déchet | CA61: R1 | CB61: Valorisation
C62: 08 01 11* | D62: Matières apparentées à la peinture (GRV) | M62: Baumert | N62: Laura | O62: +33 (0) 6 12 33 76 93 | P62: laura.baumert@wienerberger.com | W62: GRV | AE62: non concerné | AF62: non concerné | AH62: Chimirec Est | AI62: 39933934000016 | AK62: NC 54 173 2023 | AW62: Chimirec Est | AX62: 39933934000016 | AY62: ZI La Haie Sorette 54450 Domjevin | AZ62: TR547592024 | BL62: Chimirec Est | BM62: 39933934000016 | BN62: ZI La Haie Sorette 54450 Domjevin | BP62: D13 | BW62: Autorisation par arrêté préfectoral, à une rupture de traçabilité pour ce déchet | CA62: D10 | CB62: Elimination
B63: Moteurs électriques | C63: 20 01 36 | G63: non concerné | H63: non concerné | I63: non concerné | J63: non concerné | K63: non concerné | M63: Baumert | N63: Laura | O63: +33 (0) 6 12 33 76 94 | P63: laura.baumert@wienerberger.com | AE63: non concerné | AF63: non concerné | AH63: ESKA | AI63: 55850281100182 | AK63: 2023-57-1458 | AW63: SAS Transenvironnement | AX63: 50390796600017 | AY63: La Guerre 14540 Castine En Plaine | AZ63: 2020/24 | BL63: ESKA Derichebourg | BM63: 55850281100547 | BN63: Rue de Riedseltz Altenstadt 67160 Wissembourg | BP63: R13 | BW63: ESKA Derichebourg | BX63: 65382053001073 | BY63: Rue de Riedseltz Altenstadt 67160 Wissembourg | CA63: R4 | CB63: Recyclage
B64: Papier & carton | C64: 15 01 01 | D64: Papier, carton (benne 15m3) | G64: non concerné | H64: non concerné | I64: non concerné | J64: non concerné | K64: non concerné | M64: Baumert | N64: Laura | O64: +33 (0) 6 12 33 76 95 | P64: laura.baumert@wienerberger.com | W64: Benne 15m3 | AE64: non concerné | AF64: non concerné | AH64: SUEZ RV Nord Est | AI64: 50472678700030 | AK64: 2167061 | AW64: SUEZ RV Nord Est | AX64: 50472678700030 | AY64: 13 Route de Rohrshollen 67100 Strasbourg | AZ64: 2167061 | BL64: EDIB | BM64: 30223694800030 | BN64: Quai du Canal 67270 Hochfelden | BP64: R12 | BW64: EDIB | BX64: 30223694800030 | BY64: Quai du Canal 67270 Hochfelden | CA64: R5 | CB64: Recyclage
C65: 15 01 01 | D65: Papier, carton (borne 5m3) | G65: non concerné | H65: non concerné | I65: non concerné | J65: non concerné | K65: non concerné | M65: Baumert | N65: Laura | O65: +33 (0) 6 12 33 76 96 | P65: laura.baumert@wienerberger.com | W65: Benne 5m3 | AE65: non concerné | AF65: non concerné | AH65: SUEZ RV Nord Est | AI65: 50472678700030 | AK65: 2167061 | AW65: SUEZ RV Nord Est | AX65: 50472678700030 | AY65: 13 Route de Rohrshollen 67100 Strasbourg | AZ65: 2167061 | BL65: Sardi | BM65: 35238105700038 | BN65: Rue des Frères Lumières 67170 Brumath | BP65: R5 | BW65: Sardi | BX65: 35238105700038 | BY65: Rue des Frères Lumières 67170 Brumath | CA65: R5 | CB65: Recyclage
B66: Plâtres | C66: 10 12 06 / 10 13 99 | G66: non concerné | H66: non concerné | I66: non concerné | J66: non concerné | K66: non concerné | M66: Baumert | N66: Laura | O66: +33 (0) 6 12 33 76 97 | P66: laura.baumert@wienerberger.com | AE66: non concerné | AF66: non concerné | AH66: SUEZ RV Nord Est | AI66: 50472678700030 | AK66: 2167061 | AW66: SUEZ RV Nord Est | AX66: 50472678700030 | AY66: 13 Route de Rohrshollen 67100 Strasbourg | AZ66: 2167061 | BL66: Ritleng Revalorisations | BM66: 53457434800015 | BN66: Lieu dit Gaensweid 67270 Rohr | BP66: R3 | BW66: Ritleng Revalorisations | BX66: 53457434800015 | BY66: Lieu dit Gaensweid 67270 Rohr | CA66: R3 | CB66: Recyclage
B67: Résidus du nettoyage cuve d'engobes | C67: 16 07 99 | D67: Résidus du nettoyage cuve d'engobes | G67: non concerné | H67: non concerné | I67: non concerné | J67: non concerné | K67: non concerné | M67: Baumert | N67: Laura | O67: +33 (0) 6 12 33 76 98 | P67: laura.baumert@wienerberger.com | AE67: non concerné | AF67: non concerné | AH67: non concerné | AI67: non concerné | AK67: non concerné | AW67: ATIC SA | AX67: 30002217500107 | AY67: 3 rue de l'Uranium 67802 Bischheim | AZ67: 2167013 | BL67: ATIC SA | BM67: 30002217500107 | BN67: 3 rue de l'Uranium 67802 Bischheim | BP67: R13 | BW67: Lingenheld Environnement | BX67: 38535103600012 | BY67: Chemin du Hitzthal 67203 Oberschaeffolsheim | CA67: R5 | CB67: Recyclage
B68: Sables de curage (nettoyage avaloirs et caniveaux) | C68: 20 03 06 | D68: Sables de curage (nettoyage avaloirs et caniveaux) | G68: non concerné | H68: non concerné | I68: non concerné | J68: non concerné | K68: non concerné | M68: Baumert | N68: Laura | O68: +33 (0) 6 12 33 76 99 | P68: laura.baumert@wienerberger.com | AE68: non concerné | AF68: non concerné | AH68: non concerné | AI68: non concerné | AK68: non concerné | AW68: ATIC SA | AX68: 30002217500107 | AY68: 3 rue de l'Uranium 67802 Bischheim | AZ68: 2167013 | BL68: ATIC SA | BM68: 30002217500107 | BN68: 3 rue de l'Uranium 67802 Bischheim | BP68: R13 | BW68: Lingenheld Environnement | BX68: 38535103600012 | BY68: Chemin du Hitzthal 67203 Oberschaeffolsheim | CA68: R5 | CB68: Recyclage

Sheet Modèle demail
B2: FLEAP | C2: Wienerberger - Modèle d'email de demande de collecte
B4: Modèle d'email de demande de collecte
B5: Utilisateur | C5: Nom usuel du prestataire | D5: Modèle d'email de demande de collecte
